id,name
14300,Дистанционная подготовка к ЕГЭ по математике
14294,Подготовка к ЕГЭ по информатике
13398,Подготовка к ЕГЭ по информатике
14295,Подготовка к ЕГЭ по истории
13418,Подготовка к ЕГЭ по истории
14296,Подготовка к ЕГЭ по математике
13419,Подготовка к ЕГЭ по математике
14297,Подготовка к ЕГЭ по обществознанию
13420,Подготовка к ЕГЭ по обществознанию
14298,Подготовка к ЕГЭ по русскому языку
13421,Подготовка к ЕГЭ по русскому языку
13446,Подготовка к ЕГЭ по физике
14316,Дополнительные главы биологии (9 класс)
13415,Дополнительные главы биологии (9 класс)
13402,Дополнительные главы математики (6 класс)
14312,Дополнительные главы математики (7 класс)
13411,Дополнительные главы математики (7 класс)
13406,Дополнительные главы физики (7 класс)
14247,Биология и химия
13271,Биология и химия
14245,Конвергенция и наукоёмкие технологии
13269,Конвергенция и наукоёмкие технологии
14246,Математика и физика
13270,Математика и физика
12213,"Физико-математический профиль ""Конвергенция и наукоемкие технологии"""
12197,"Физико-математический профиль ""Математика и физика"""
14249,Биология
13273,Биология
12195,"Географический профиль ""География и геоэкология"""
14250,География и геоэкология
13274,География и геоэкология
12205,"Информационно-технологический профиль ""Прикладные математические и информационные технологии"""
14248,Конвергенция и наукоёмкие технологии
13272,Конвергенция и наукоёмкие технологии
14253,Математика и физика
13277,Математика и физика
14251,Прикладные математические и информационные технологии
13275,Прикладные математические и информационные технологии
12233,"Физико-математический профиль ""Конвергенция и наукоемкие технологии"""
12193,"Физико-математический профиль ""Математика и физика"""
12194,"Химико-биологический профиль ""Биология"""
12196,"Химико-биологический профиль ""Химия"""
14252,Химия
13276,Химия
13863,Биология
12853,Биология
11895,Биология
11027,Биология
9996,Биология
14085,Биология: биоинженерные технологии
12980,Биология: биоинженерные технологии
12086,Биология: биоинженерные технологии
14174,Четырехмесячные курсы по подготовке к ЕГЭ по биологии
14016,Биоинформатика
13148,Биоинформатика
12047,Биоинформатика
13902,Биология
13012,Биология
11938,Биология
14144,Клеточные и генетические технологии
13134,Молекулярная биология и агробиотехнология растений
12037,Молекулярная биология и агробиотехнология растений
14143,Молекулярно-генетические основы агробиотехнологии
13905,Экология. Биоразнообразие и охрана природы
13016,Экология. Биоразнообразие и охрана природы
11941,Экология. Биоразнообразие и охрана природы
12906,Биоразнообразие
11986,Биоразнообразие
10939,Биоразнообразие
10287,Биоразнообразие
12908,Клеточная и молекулярная биология
11988,Клеточная и молекулярная биология
10997,Клеточная и молекулярная биология
10301,Клеточная и молекулярная биология
12907,Физиология
11987,Физиология
11002,Физиология
10284,Физиология
12903,Экология. Биоразнообразие и охрана природы
11983,Экология. Биоразнообразие и охрана природы
10998,Экология. Биоразнообразие и охрана природы
14090,Арабская филология
12097,Арабская филология
12963,"Ассириология (языки, история и культура древнего Ближнего Востока)"
11023,"Ассириология (языки, история и культура древнего Ближнего Востока)"
10260,Востоковедение и африканистика
9182,Востоковедение и африканистика
12105,История Китая
12106,История Японии
11287,Китайская филология
11071,"Японская филология (японский, китайский языки)"
14341,"Китайский язык (стандартный курс, средний уровень)"
13603,"Китайский язык (стандартный курс, средний уровень)"
12505,"Китайский язык (стандартный курс, средний уровень)"
11591,"Китайский язык (стандартный курс, средний уровень)"
14349,Курсы восточных языков
13607,Курсы восточных языков
14348,Курсы восточных языков
13606,Курсы восточных языков
12771,Курсы восточных языков
12494,"Китайский язык (стандартный курс, средний уровень)"
14678,Публично-правовые (государственно-правовые) науки
14606,Радиофизика
14622,Радиохимия
14684,Региональная и отраслевая экономика
14725,Русская литература и литературы народов Российской Федерации
14729,Русский язык. Языки народов России
14657,Стоматология
14677,Теоретико-исторические правовые науки
14603,"Теоретическая информатика, кибернетика"
14734,"Теория и история культуры, искусства"
14723,Теория и методика обучения и воспитания
13851,Инженерно-ориентированная физика
12948,Инженерно-ориентированная физика
12036,Инженерно-ориентированная физика
11209,Инженерно-ориентированная физика
9992,Инженерно-ориентированная физика
12850,Прикладные физика и математика
11891,Прикладные физика и математика
11246,Прикладные физика и математика
9983,Прикладные физика и математика
11892,Физика
13852,Электромагнитные и акустические процессы
12951,Электромагнитные и акустические процессы
12038,Электромагнитные и акустические процессы
11261,Электромагнитные и акустические процессы
10360,Электромагнитные и акустические процессы
13353,Подготовительное отделение по физико-математическим специальностям (для иностранных граждан)
14119,Инженерная электрофизика
13230,Инженерная электрофизика
13899,Прикладные физика и математика
13009,Прикладные физика и математика
11935,Прикладные физика и математика
11936,Физика
13130,Ядерные физика и технологии
12896,Математическая физика
11976,Математическая физика
12937,Моделирование и мониторинг геосфер
12019,Моделирование и мониторинг геосфер
10982,Моделирование и мониторинг геосфер
12900,Физика
11980,Физика
10938,Физика
10261,Физика
14087,Албанский язык
12089,Албанский язык
14037,Английский язык
12058,Английский язык
14170,Английский язык и литература
11911,Английский язык и литература
10374,Английский язык и литература
14135,Иностранный язык (польский и немецкий языки)
12989,Иностранный язык (украинский и английский язык)
12092,Иностранный язык (чешский и английский язык)
14039,Испанский язык
12965,Испанский язык
12059,Испанский язык
11177,Испанский язык
12966,Итальянский язык
12060,Итальянский язык
11037,Итальянский язык
13876,Классическая филология (древнегреческий и латинский языки; античная литература)
12869,Классическая филология (древнегреческий и латинский языки; античная литература)
11910,Классическая филология (древнегреческий и латинский языки; античная литература)
11030,Классическая филология (древнегреческий и латинский языки; античная литература)
9980,Классическая филология (древнегреческий и латинский языки; античная литература)
12088,"Литература народов зарубежных стран, немецкий язык"
12988,"Литература народов зарубежных стран, французский язык"
14089,Литовский язык
12093,Литовский язык
12993,Вьетнамско-кхмерская филология
14091,Гебраистика
12098,Гебраистика
12099,"Египтология (языки, история и культура древнего Египта)"
14136,Индоарийская (бенгальская) филология
11111,"Индоарийская филология (хинди, санскрит)"
12994,"Индоарийская филология (хинди, санскрит, телугу)"
12100,Индонезийско-малайская филология
14092,Иранская филология
12101,Иранская филология
12934,Исламоведение
11106,Исламоведение
12995,История арабских стран
11179,"История арабских стран (арабский, иврит/ турецкий/ персидский языки)"
12102,История Вьетнама
12103,История Индии и Непала
12996,История Ирана и Афганистана
11159,"История Ирана и Афганистана (персидский, афганский, арабский языки)"
12997,История Кавказа (Азербайджан)
14137,История Кавказа (Армения)
12104,История Кавказа (Грузия)
14093,История Китая
14138,История Кореи
11193,"История Кореи (корейский, китайский языки)"
12998,История Малайзии и Индонезии
12999,История Таиланда
13000,История Тибета (Китай)
13001,История Турции
13002,История Центральной Азии
11294,"История Центральной Азии (персидский, турецкий, таджикский/ узбекский языки)"
14094,История Японии
12967,Китайская филология
12107,Корейская филология
11044,Кхмерско-тайская филология
14139,Монгольско-тибетская филология
11276,"Монгольско-тибетская филология (монгольский, тибетский, китайский языки)"
11290,"Османистика (языки, история и культура османской Турции)"
12108,Тибетско-монгольская филология
14095,Тюркская филология
12109,Тюркская филология
12110,Языки и культура Восточной Африки (суахили)
11088,Языки и культура Восточной Африки (эфиопистика)
14140,Языки и культура Западной Африки (хауса)
13003,Языки и культуры Западной Африки (языки манде)
14141,"Языки, история и культура Древнего Египта (египтология)"
13004,Японская филология
14778,"Востоковедение, африканистика"
13632,"Востоковедение, африканистика"
14351,"Китайский язык (стандартный курс, средний уровень). Этап углублённого изучения"
13609,"Китайский язык (стандартный курс, средний уровень). Этап углублённого изучения"
12772,Курсы восточных языков
14347,Основы востоковедения
14342,"Китайский язык (стандартный курс, средний уровень)"
13604,"Китайский язык (стандартный курс, средний уровень)"
14350,"Китайский язык (стандартный курс, средний уровень). Этап углубленного изучения."
13608,"Китайский язык (стандартный курс, средний уровень). Этап углубленного изучения."
12506,"Китайский язык (стандартный курс, средний уровень). Этап углубленного изучения."
14024,Languages and Cultures of Africa / Языки и культуры Африки
13153,Languages and Cultures of Africa / Языки и культуры Африки
13980,Исламоведение
13117,Исламоведение
12204,Исламоведение
14054,История народов Азии и Африки (с изучением языков Азии и Африки)
13176,История народов Азии и Африки (с изучением языков Азии и Африки)
12239,История народов Азии и Африки (с изучением языков Азии и Африки)
14058,Культура народов Азии и Африки (с изучением языков Азии и Африки)
13180,Культура народов Азии и Африки (с изучением языков Азии и Африки)
12242,Культура народов Азии и Африки (с изучением языков Азии и Африки)
14112,Литература народов Азии и Африки (с изучением языков Азии и Африки)
13226,Литература народов Азии и Африки (с изучением языков Азии и Африки)
12278,Литература народов Азии и Африки (с изучением языков Азии и Африки)
14066,Политика и международные отношения стран Азии и Африки (с изучением языков Азии и Африки)
13189,Политика и международные отношения стран Азии и Африки (с изучением языков Азии и Африки)
12863,История
12249,Политика и международные отношения стран Азии и Африки (с изучением языков Азии и Африки)
14001,"Современный Китай: экономика, политика, общество (с изучением китайского языка)"
13135,"Современный Китай: экономика, политика, общество (с изучением китайского языка)"
12217,"Современный Китай: экономика, политика, общество (с изучением китайского языка)"
14084,Языки народов Азии и Африки
13211,Языки народов Азии и Африки
12261,Языки народов Азии и Африки
12931,Литература народов стран Азии и Африки
12011,Литература народов стран Азии и Африки
12932,Языки народов стран Азии и Африки
12012,Языки народов стран Азии и Африки
10979,Языки народов стран Азии и Африки
12865,Журналистика
11028,Журналистика
12935,Международная журналистика
12017,Международная журналистика
13873,Реклама и связи с общественностью
12866,Реклама и связи с общественностью
11907,Реклама и связи с общественностью
14806,Журналистика для школьников
14807,"Интенсивный курс ""Основы журналистской деятельности"""
13308,Переводчик в сфере профессиональной коммуникации
14373,Синхронный и последовательный перевод в деловой коммуникации
13318,Английский язык с элементами делового и профессионального общения
14022,Иностранные языки в практике обучения и коммуникации
13151,Иностранные языки в практике обучения и коммуникации
12225,Иностранные языки в практике обучения и коммуникации
11073,Иностранные языки в практике обучения и коммуникации
14021,Иностранные языки и межкультурная коммуникация в сфере бизнеса и менеджмента
13150,Иностранные языки и межкультурная коммуникация в сфере бизнеса и менеджмента
12224,Иностранные языки и межкультурная коммуникация в сфере бизнеса и менеджмента
14102,Межкультурная коммуникация и перевод в нефтегазовом бизнесе
12268,Межкультурная коммуникация и перевод в нефтегазовом бизнесе
14017,Академическое пение
12957,Академическое пение
12048,Академическое пение
11273,Академическое пение
9997,Вокальное искусство
12880,Графический дизайн
11920,Графический дизайн
11184,Графический дизайн
10022,Графический дизайн
14038,"Инструментальное исполнительство на органе, клавесине, карильоне"
12964,"Инструментальное исполнительство на органе, клавесине, карильоне"
11867,Инструментальное исполнительство на скрипке
13894,Прикладная информатика в области искусств и гуманитарных наук
12888,Прикладная информатика в области искусств и гуманитарных наук
11928,Прикладная информатика в области искусств и гуманитарных наук
11076,Прикладная информатика в области искусств и гуманитарных наук
9976,Прикладная информатика в области искусств и гуманитарных наук
14044,Реставрация произведений изобразительного и декоративно-прикладного искусства
12974,Реставрация произведений изобразительного и декоративно-прикладного искусства
12068,Реставрация произведений изобразительного и декоративно-прикладного искусства
11305,Реставрация произведений изобразительного и декоративно-прикладного искусства
14781,Подготовительные курсы в области графического дизайна
13753,Подготовительные курсы в области графического дизайна
13923,Графический дизайн
13036,Графический дизайн
12137,Графический дизайн
14053,Историческое исполнительство на клавишных музыкальных инструментах
13175,Историческое исполнительство на клавишных музыкальных инструментах
12238,Историческое исполнительство на клавишных музыкальных инструментах
10207,Актёрское искусство
8077,Живопись
14010,Археология
12954,Археология
12044,Археология
11259,Археология
9575,Археология
14069,Религии народов Азии и Африки (с изучением языков Азии и Африки)
13195,Религии народов Азии и Африки (с изучением языков Азии и Африки)
14131,Социально-культурная антропология народов Азии и Африки (с изучением языков Азии и Африки)
13245,Социально-культурная антропология народов Азии и Африки (с изучением языков Азии и Африки)
14077,Экономика и международные экономические отношения стран Азии и Африки (с изучением языков Азии и Африки)
13204,Экономика и международные экономические отношения стран Азии и Африки (с изучением языков Азии и Африки)
12257,Экономика и международные экономические отношения стран Азии и Африки (с изучением языков Азии и Африки)
12927,История народов стран Азии и Африки
12007,История народов стран Азии и Африки
10961,История народов стран Азии и Африки
13844,Журналистика
11906,Журналистика
9985,Журналистика
13977,Международная журналистика
11237,Международная журналистика
10001,Международная журналистика
11140,Реклама и связи с общественностью
9966,Реклама и связи с общественностью
14816,Журналистика
14810,Спичрайтинг и эффективные коммуникации в бизнесе и политике
14805,"Курс ""Основы журналистской деятельности"""
14114,Авторский аудиовизуальный проект
12281,Авторский аудиовизуальный проект
14115,Визуальные коммуникации в журналистике и рекламе
13228,Визуальные коммуникации в журналистике и рекламе
14128,Журналистика и культура общества
13240,Журналистика и культура общества
13241,Историческая журналистика
14113,Корпоративные коммуникации и реклама
13227,Корпоративные коммуникации и реклама
14029,Медиакоммуникации
13160,Медиакоммуникации
14117,Медиатекст в массовых коммуникациях
13229,Медиатекст в массовых коммуникациях
14061,Международная журналистика
13183,Международная журналистика
14153,Научно-популярная журналистика
14002,Профессиональная речевая деятельность в массмедиа
13136,Профессиональная речевая деятельность в массмедиа
14127,Управление коммуникационными проектами в политике и бизнесе
13239,Управление коммуникационными проектами в политике и бизнесе
12921,Журналистика
12001,Журналистика
12940,Реклама и связи с общественностью
12022,Реклама и связи с общественностью
14865,Переводчик в сфере профессиональной коммуникации
12456,Переводчик в сфере профессиональной коммуникации
12764,Английский язык с элементами делового и профессионального общения
14023,Иностранные языки в сфере международных отношений
13152,Иностранные языки в сфере международных отношений
12226,Иностранные языки в сфере международных отношений
14052,Иностранные языки и межкультурная коммуникация в сфере туризма и экскурсионной деятельности
13174,Иностранные языки и межкультурная коммуникация в сфере туризма и экскурсионной деятельности
11841,Иностранные языки и межкультурная коммуникация в сфере туризма и экскурсионной деятельности
13217,Межкультурная коммуникация и перевод в нефтегазовом бизнесе
14154,Перевод и деловая коммуникация в атомной энергетике
14130,Перевод и деловая коммуникация в сфере международного права
14020,Правовая защита экономической конкуренции
13246,Правовая защита экономической конкуренции
12223,Правовая защита экономической конкуренции
13886,Графический дизайн
13888,Декоративно-прикладное искусство
12882,Декоративно-прикладное искусство
11922,Декоративно-прикладное искусство
11183,Декоративно-прикладное искусство
13887,Дизайн среды
12881,Дизайн среды
11921,Дизайн среды
11227,Дизайн среды
10014,Дизайн среды
11904,История
14036,Инструментальное исполнительство на скрипке
12961,Инструментальное исполнительство на скрипке
10009,Реставрация
14794,Подготовительные курсы в области дизайна среды и ДПИ
14783,Подготовительные курсы по основам мастерства художника кино
13754,Подготовительные курсы по основам мастерства художника кино
13924,Дизайн среды
13037,Дизайн среды
12138,Дизайн среды
13922,Реставрация предметов изобразительного и декоративно-прикладного искусства
13035,Реставрация предметов изобразительного и декоративно-прикладного искусства
12136,Реставрация предметов изобразительного и декоративно-прикладного искусства
13854,Артист драматического театра и кино
12843,Артист драматического театра и кино
12235,Артист драматического театра и кино
10972,Артист драматического театра и кино
10143,Живопись
9190,Живопись
13853,Станковая живопись
12842,Станковая живопись
12234,Станковая живопись
10991,Станковая живопись
12841,Художник кино и телевидения
10285,Художник кино и телевидения
13856,Художник кино и телевидения по костюму
12262,Художник кино и телевидения по костюму
10918,Художник мультипликационного фильма
8505,Художник мультипликационного фильма
13872,История
11225,История
13881,История искусств
11915,История искусств
11309,История искусств
10043,История искусств
11853,Россиеведение
13643,"Охранная археология и сохранение объектов культурного наследия: правовое регулирование, проектирование и производство археологических исследований при реализации инфраструктурных, строительных и реставрационных проектов"
13636,История для школьников старших классов (четырёхмесячный курс)
13920,Искусствоведение (история искусств)
13033,Искусствоведение (история искусств)
12135,Искусствоведение (история искусств)
13144,История и культура Санкт-Петербурга и Ленинградской области
13979,История и теория наций и проблемы национализма
13116,История и теория наций и проблемы национализма
14107,История Российской цивилизации
13221,История Российской цивилизации
12273,История Российской цивилизации
13963,Музейное кураторство
13101,Музейное кураторство
12187,Музейное кураторство
14648,"Системный анализ, управление и обработка информации, статистика"
14719,Социальная и политическая философия
14692,"Социальная психология, политическая и экономическая психология"
14698,"Социальная структура, социальные институты и процессы"
14700,Социология культуры
14598,"Теоретическая механика, динамика машин"
14736,"Теоретическая теология (по исследовательскому направлению: православие, ислам, иудаизм, протестантизм)"
14605,Теоретическая физика
14732,"Теоретическая, прикладная и сравнительно-сопоставительная лингвистика"
14595,Теория вероятностей и математическая статистика
14696,"Теория, методология и история социологии"
14658,Травматология и ортопедия
14680,Уголовно-правовые науки
14649,Управление в организационных системах
14652,Управление процессами перевозок
14613,"Физика атомных ядер и элементарных частиц, физика высоких энергий"
14608,Физика конденсированного состояния
14604,"Физика космоса, астрономия"
14611,Физика магнитных явлений
14609,Физика плазмы
14610,Физика полупроводников
14626,Физиология человека и животных
14640,"Физическая география и биогеография, география почв и геохимия ландшафтов"
14618,Физическая химия
14718,Философия науки и техники
14721,Философия религии и религиоведение
14720,"Философская антропология, философия культуры"
14685,Финансы
10041,История
12875,История искусств
13998,Россиеведение
12950,Россиеведение
14528,Управление музейными фондами
14526,История для школьников старших классов
13638,История для школьников старших классов
13639,Обществознание для школьников старших классов
13220,Историко-культурное экскурсоведение
12203,История и теория наций и проблемы национализма
13222,Модернизация Запада: XVI - XXI века
13997,Регионоведение России
13131,Регионоведение России
12214,Регионоведение России
14109,Россия в войнах и социальных конфликтах
13223,Россия в войнах и социальных конфликтах
12275,Россия в войнах и социальных конфликтах
14071,Россия и Франция в пространстве истории и культуры /La Russie et la France dans l'espace de l'histoire et de la culture
13197,Россия и Франция в пространстве истории и культуры /La Russie et la France dans l'espace de l'histoire et de la culture
12253,Россия и Франция в пространстве истории и культуры /La Russie et la France dans l'espace de l'histoire et de la culture
13999,Становление современной западной цивилизации
13132,Становление современной западной цивилизации
12215,Становление современной западной цивилизации
14000,Этнологическая экспертиза
13133,Этнологическая экспертиза
12216,Этнологическая экспертиза
12925,История
12005,История
10970,История
12929,История искусства
12009,История искусства
11003,История искусства
14921,Нейролингвистика
13943,Когнитивные исследования
13055,Когнитивные исследования
12149,Когнитивные исследования
13833,Математика
12844,Математика
11885,Математика
11226,Математика
10006,Математика
12067,"Математика, алгоритмы и анализ данных"
11285,"Математика, алгоритмы и анализ данных"
13859,Науки о данных
12985,Науки о данных
13855,Современное программирование
12975,Современное программирование
12069,Современное программирование
11282,Современное программирование
13596,Разработка программного обеспечения и науки о данных
14073,Современная математика
13199,Современная математика
12079,Современная математика
12983,Современная математика
13857,Mathematics and Artificial Intelligence / Математика и искусственный интеллект
12978,Mathematics and Artificial Intelligence / Математика и искусственный интеллект
12084,Mathematics and Artificial Intelligence / Математика и искусственный интеллект
13847,Математика и компьютерные науки
12890,Математика и компьютерные науки
11930,Математика и компьютерные науки
11250,Математика и компьютерные науки
9986,Математика и компьютерные науки
11295,Математическое обеспечение и администрирование информационных систем
9988,Математическое обеспечение и администрирование информационных систем
13836,Механика и математическое моделирование
12849,Механика и математическое моделирование
11890,Механика и математическое моделирование
11315,Механика и математическое моделирование
9990,Механика и математическое моделирование
12847,Прикладная математика и информатика
11888,Прикладная математика и информатика
11094,Прикладная математика и информатика
10017,Прикладная математика и информатика
13861,"Прикладная математика, программирование и искусственный интеллект"
13895,Программная инженерия
12889,Программная инженерия
11929,Программная инженерия
11096,Программная инженерия
9989,Программная инженерия
13858,Технологии программирования
12979,Технологии программирования
12085,Технологии программирования
14510,Математическое обеспечение и администрирование информационных систем
13076,Урология
13331,Математическое обеспечение и администрирование информационных систем
12517,Математическое обеспечение и администрирование информационных систем
13336,Олимпиадные задачи по математике
14839,Подготовительные курсы по информатике
13334,Подготовительные курсы по информатике
14511,Подготовительные курсы по русскому языку
13333,Подготовительные курсы по русскому языку
13340,Подготовительные курсы по физике для 10 класса
14514,Решение задач ЕГЭ по информатике  повышенного уровня сложности
13338,Решение задач профильного ЕГЭ по математике повышенного уровня сложности
13811,Искусственный интеллект и наука о данных
14012,"Математическое моделирование, программирование и искусственный интеллект"
11325,"Математическое моделирование, программирование и искусственный интеллект"
13104,Математическое обеспечение и администрирование информационных систем
13898,Механика и математическое моделирование
13008,Механика и математическое моделирование
11934,Механика и математическое моделирование
12899,Астрономия
11979,Астрономия
10965,Астрономия
10278,Астрономия
12894,Математика
11974,Математика
10931,Математика
10302,Математика
13839,Астрономия
12834,Астрономия
12117,Астрономия
10989,Астрономия
10183,Астрономия
9307,Астрономия
8091,Астрономия
13850,Фундаментальная механика
12840,Фундаментальная механика
12202,Фундаментальная механика
10967,Фундаментальная механика
10178,Фундаментальная механика
9302,Фундаментальная механика
14768,Абдоминальное ультразвуковое исследование в хирургической практике
15013,Актуальные вопросы амбулаторного ведения пациентов с мочекаменной болезнью
14907,Актуальные вопросы кардиологии
14959,Актуальные вопросы современной урологии
15594,Актуальные проблемы анестезиологии и реаниматологии
14829,Алкогольные поражения органов желудочно-кишечного тракта
13521,Алкогольные поражения органов желудочно-кишечного тракта
14740,Анализ данных холтеровского мониторирования у больных с электрокардиостимуляторами
13688,Анализ данных холтеровского мониторирования у больных с электрокардиостимуляторами
14756,Анализ данных холтеровского мониторирования ЭКГ у больных с фибрилляцией и трепетанием предсердий
14256,Анализ данных холтеровского мониторирования ЭКГ у больных с фибрилляцией и трепетанием предсердий
14902,Вирусные инфекции в медицинской практике
13598,Вирусные инфекции в медицинской практике
13436,Гастроэнтерология: заболевания поджелудочной железы
14266,Заболевания миокарда и сердечная недостаточность
14503,Заболевания шейки матки в амбулаторной гинекологической практике
13676,Заболевания шейки матки в амбулаторной гинекологической практике
14831,Канцеропревенция в гастроэнтерологии
14944,Кардиология
14960,Клиническая электрокардиография
13684,"Комбинированное мониторирование ЭКГ, АД и дыхания в диагностике и лечении сердечно-сосудистых заболеваний"
13375,Компьютерная и магнитно-резонансная томография в клинической практике
14743,Коррекция дислипидемии при резистентности и плохой переносимости липидснижающей терапии
13689,Коррекция дислипидемии при резистентности и плохой переносимости липидснижающей терапии
14822,Лекарственные поражения органов желудочно-кишечного тракта
13447,Лекарственные поражения органов желудочно-кишечного тракта
15572,Методология обучения врачей в системе непрерывного медицинского образования
14288,Методы функциональной диагностики в ведении больных с сердечной недостаточностью
13072,Травматология и ортопедия
14889,Основы практической робототехники и искусственного интеллекта
13345,Основы программирования на языке С/С++
14838,Подготовительные курсы по математике
13332,Подготовительные курсы по математике
13335,Подготовительные курсы по физике (ЕГЭ)
14520,Подготовка к ЕГЭ по русскому языку (интенсив)
13346,Подготовка к ЕГЭ по русскому языку (интенсив)
14025,Advanced Mechanics and Modeling / Современная механика и моделирование
13154,Advanced Mechanics and Modeling / Современная механика и моделирование
13143,"Математическое моделирование, программирование и искусственный интеллект"
13966,Математическое обеспечение и администрирование информационных систем
11970,Математическое обеспечение и администрирование информационных систем
13967,Программная инженерия
13105,Программная инженерия
11971,Программная инженерия
12910,Информатика
11990,Информатика
10941,Информатика
10274,Информатика
12984,Математическая робототехника и искусственный интеллект
12897,Механика
11977,Механика
10919,Механика
10257,Механика
13849,Фундаментальная математика
12839,Фундаментальная математика
12201,Фундаментальная математика
10984,Фундаментальная математика
10226,Фундаментальная математика
9306,Фундаментальная математика
13381,"BI RADS: маммография, МРТ и УЗИ"
14507,Аллергология для гастроэнтерологов
13455,Аллергология для гастроэнтерологов
14860,Анализ данных холтеровского мониторирования ЭКГ у больных с брадиаритмиями и блокадами сердца
14752,Ведение больных с имплантированными устройствами в практике кардиолога и врача функциональной диагностики
13682,Ведение больных с имплантированными устройствами в практике кардиолога и врача функциональной диагностики
14808,Гастроэнтерология: аутоиммунные заболевания желудочно-кишечного тракта
13399,Гастроэнтерология: аутоиммунные заболевания желудочно-кишечного тракта
14747,"Диагностика и лечение желудочковых аритмий, профилактика внезапной сердечной смерти"
14948,Дифференциальная диагностика основных терапевтических синдромов
14504,Заболевания вульвы и влагалища в амбулаторной гинекологической практике
13677,Заболевания вульвы и влагалища в амбулаторной гинекологической практике
13433,Заболевания органов пищеварения у беременных
15570,Инновационные методы диагностики и лечения атеросклероза
14744,"Комбинированное мониторирование ЭКГ, АД и дыхания в диагностике и лечении сердечно-сосудистых заболеваний"
14765,Компьютерная и магнитно-резонансная томография в клинической практике
14767,Компьютерная томография в диагностике округлых образований  в легких: Lung-RADS
13378,Компьютерная томография в диагностике округлых образований  в легких: Lung-RADS
13703,Лапароскопическая миомэктомия
14764,Лучевая диагностика травм и заболеваний опорно-двигательной системы
13374,Лучевая диагностика травм и заболеваний опорно-двигательной системы
14903,Микробиоценоз при инфекции и соматической патологии
13599,Микробиоценоз при инфекции и соматической патологии
13395,Нарушения ритма и проводимости сердца как проявления сердечно-сосудистых заболеваний
15015,Нейроурология и уродинамика: теория и практика
14830,Ожирение: современный взгляд на проблему
13522,Ожирение: современный взгляд на проблему
14483,Основы гистероскопии и гистерорезектоскопии
14882,Основы клинической музыкальной терапии
13666,Основы клинической музыкальной терапии
13672,Основы экспертизы качества медицинской помощи
15732,Особенности миниинвазивной хирургии грыж брюшной стенки
14795,Остеопатия
12477,Остеопатия
11428,Остеопатия
15017,Перкутанная нефролитотрипсия
14194,Урология
14741,Наджелудочковые аритмии: диагностика и лечение
14267,Наджелудочковые аритмии: диагностика и лечение
14763,Нейрорадиология (КТ и МРТ в неврологии)
13373,Нейрорадиология (КТ и МРТ в неврологии)
14957,Онкологические заболевания: современные методы диагностики и лечения
13741,Основы анализа данных электрокардиографических методов исследования в терапевтической практике
13364,Основы гистероскопии и гистерорезектоскопии
14505,Основы кольпоскопии
13681,Основы кольпоскопии
13680,Основы эхокардиографии
14745,Острые и хронические формы ишемической болезни сердца
14753,От артериальной гипертензии и дислипидемии к хронической сердечной недостаточности: современные технологии снижения сердечно-сосудистого риска
13683,От артериальной гипертензии и дислипидемии к хронической сердечной недостаточности: современные технологии снижения сердечно-сосудистого риска
14828,Программирование здоровья питанием: от рождения до старости
14881,Психотерапия и основы диетологии расстройств пищевого поведения
14728,Фольклористика
14623,Химия твердого тела
14659,Хирургия
14679,Частно-правовые (цивилистичеcкие) науки
14632,Экология
14682,Экономическая теория
14641,"Экономическая, социальная, политическая и рекреационная география"
14612,"Электрофизика, электрофизические установки"
14619,Электрохимия
14631,Энтомология
14715,Эстетика
14716,Этика
14709,"Этнология, антропология и этнография"
14730,Языки народов зарубежных стран (c указанием конкретного языка или группы языков)
13837,Прикладные физика и математика
13838,Физика
12851,Физика
11278,Физика
9993,Физика
15009,Космическая погода: воздействие на атмосферу и климат
13363,Физические основы квантовых вычислений
14840,Подготовительные курсы по физике (ЕГЭ)
14279,Численное моделирование нейтронных экспериментальных установок
14160,Численное моделирование нейтронных экспериментальных установок
13900,Физика
13010,Физика
14019,Физика конденсированного состояния на исследовательских установках МЕГА-класса
13149,Физика конденсированного состояния на исследовательских установках МЕГА-класса
12050,Физика конденсированного состояния на исследовательских установках МЕГА-класса
12911,Информационные технологии и численные методы
11991,Информационные технологии и численные методы
10275,Информационные технологии и численные методы
10253,Моделирование и мониторинг геосфер
12901,Физика полимеров и биополимеров
11981,Физика полимеров и биополимеров
10926,Физика полимеров и биополимеров
10242,Физика полимеров и биополимеров
12962,Английский язык
11148,Английский язык
12871,Английский язык и литература
11110,Английский язык и литература
14134,Английский язык как иностранный в обучении и коммуникации (для иностранных обучающихся)/English as a Foreign Language in Teaching and Communication (for international students)
14132,Библейская филология (языки Библии и библейская письменность)
12090,Болгарский язык
14133,Венгерский и немецкий языки в австро-венгерском культурном пространстве
14088,Датский язык
12091,Датский язык
9975,Иностранные языки
12968,Латышский язык
11202,Латышский язык
11269,"Литература народов зарубежных стран, английский язык"
10361,"Литература народов зарубежных стран, иностранный язык"
14937,Испанский язык. Общий курс
13623,Испанский язык. Общий курс
14239,"Русский язык для студентов, говорящих на английском языке (начальный уровень)"
13720,Русский язык как иностранный для математиков
12525,Русский язык как иностранный. Основной курс
15679,Питание здорового и больного ребёнка и подростка. Диетотерапия ведущих алиментарно-зависимых заболеваний и сахарного диабета
14509,Практическая аллергология
14159,Практическая аллергология
13663,Психотерапия и основы диетологии расстройств пищевого поведения
15019,Реконструктивная урогинекология
14761,"Рентгенология (рентгенодиагностика КТ, МРТ, ПЭТ)"
13371,"Рентгенология (рентгенодиагностика КТ, МРТ, ПЭТ)"
15012,Ретроградная гибкая нефролитотрипсия
13597,Роль бактериальных биопленок в развитии инфекционных заболеваний
14750,Сложные вопросы диагностики и лечения прогрессирующего атеросклероза
13679,Сложные вопросы диагностики и лечения прогрессирующего атеросклероза
14774,Современная допплерография сердца и крупных сосудов
13517,Современная допплерография сердца и крупных сосудов
14821,Современная тактика ведения пациентов с циррозом печени
13444,Современная тактика ведения пациентов с циррозом печени
13702,Современные технологии в абдоминальной хирургии
13690,Углубленный анализ данных холтеровского мониторирования ЭКГ у больных с тахиаритмиями
14759,Ультразвуковая диагностика
14762,Ультразвуковая диагностика в акушерстве и гинекологии
13372,Ультразвуковая диагностика в акушерстве и гинекологии
14771,Ультразвуковое исследование суставов
13383,Ультразвуковое исследование суставов
14755,Функциональная диагностика в кардиологии
13686,Функциональная диагностика в кардиологии
14832,Функциональные расстройства органов пищеварения
14180,Функциональные расстройства органов пищеварения
14943,Холтеровское мониторирование ЭКГ и АД в диагностике и лечении сердечно-сосудистых заболеваний
13687,Холтеровское мониторирование ЭКГ и АД в диагностике и лечении сердечно-сосудистых заболеваний
15016,Чрескожная и ретроградная гибкая нефролитотрипсия – современные подходы к лечению почечных камней
15733,Школа пельвиоперинеологии
14802,Экспертная деятельность в сфере обязательного медицинского страхования
13673,Экспертная деятельность в сфере обязательного медицинского страхования
15533,Эндовазальная лазерная облитерация вен – «золотой стандарт» лечения варикозной болезни нижних конечностей
14490,Эндометриоз: современные подходы к диагностике и лечению
13701,Эндометриоз: современные подходы к диагностике и лечению
13780,Сестринское дело в паллиативной помощи
14905,"Эпидемиология и профилактика инфекций, связанных с оказанием медицинской помощи (ИСМП)"
14433,"Эпидемиология и профилактика инфекций, связанных с оказанием медицинской помощи (ИСМП)"
14192,Акушерство и гинекология
13074,Акушерство и гинекология
14211,Анестезиология-реаниматология
13093,Анестезиология-реаниматология
14201,Дерматовенерология
13083,Дерматовенерология
14197,Инфекционные болезни
13079,Инфекционные болезни
14198,Кардиология
13080,Кардиология
14212,Лечебная физкультура и спортивная медицина
13094,Лечебная физкультура и спортивная медицина
14200,Неврология
13082,Неврология
14193,Нейрохирургия
13075,Нейрохирургия
14191,Онкология
13073,Онкология
14214,Организация здравоохранения и общественное здоровье
13096,Организация здравоохранения и общественное здоровье
14209,Оториноларингология
13091,Оториноларингология
14202,Офтальмология
13084,Офтальмология
14188,Педиатрия
13070,Педиатрия
14196,Психиатрия
13078,Психиатрия
14199,Рентгенология
13081,Рентгенология
14210,Терапия
13092,Терапия
14195,Торакальная хирургия
13077,Торакальная хирургия
14190,Травматология и ортопедия
14213,Физиотерапия
13095,Физиотерапия
14189,Хирургия
13071,Хирургия
12938,Медико-профилактическое дело
12018,Фундаментальная медицина
13845,Лечебное дело
12120,Лечебное дело
10197,Лечебное дело
8072,Лечебное дело
10964,Сестринское дело
14005,Физическая культура и спорт
12952,Физическая культура и спорт
12040,Физическая культура и спорт
11256,Физическая культура и спорт
13548,Основы работы преподавателя в системе Blackboard
13324,Подготовительное отделение (для иностранных граждан)
13874,Международные отношения
11908,Международные отношения
11127,Международные отношения
13472,Школа международных отношений
13908,Американские исследования
13020,Американские исследования
12123,Американские исследования
13910,Европейские исследования
13022,Европейские исследования
12125,Европейские исследования
13981,Исследования БРИКС
13118,Исследования БРИКС
12206,Исследования БРИКС
13024,История международных отношений в XX - XXI веках
13025,Международное сотрудничество в области окружающей среды и развития
12127,Международное сотрудничество в области окружающей среды и развития
13939,Международные отношения (на английском языке)
13051,Международные отношения (на английском языке)
12145,Международные отношения (на английском языке)
13914,Мировая политика
13028,Мировая политика
12130,Мировая политика
13938,Стратегические исследования
13050,Стратегические исследования
12144,Стратегические исследования
12926,История международных отношений и внешней политики
12006,История международных отношений и внешней политики
10956,История международных отношений и внешней политики
13890,Государственное и муниципальное управление
11924,Государственное и муниципальное управление
11049,Государственное и муниципальное управление
9972,Государственное и муниципальное управление
10004,Международный менеджмент
13889,Менеджмент
12883,Менеджмент
14911,Аналитическая деятельность государственного служащего
15617,Лидеры будущего: операционная эффективность
15600,Лидеры будущего: стратегический уровень
15002,Менеджмент в здравоохранении
13746,Менеджмент в здравоохранении
13926,Корпоративные финансы (Master in Corporate Finance - MCF)
13039,Корпоративные финансы (Master in Corporate Finance - MCF)
11946,Корпоративные финансы (Master in Corporate Finance - MCF)
12076,Менеджмент и развитие городских агломераций (Master in Urban Management and Development - MUMD)
13864,География
11897,География
10362,География
13866,Гидрометеорология
12857,Гидрометеорология
11899,Гидрометеорология
11051,Гидрометеорология
9964,Гидрометеорология
13865,Картография и геоинформатика
12856,Картография и геоинформатика
11898,Картография и геоинформатика
11316,Картография и геоинформатика
10008,Картография и геоинформатика
14040,Межъязыковая коммуникация и перевод (английский язык)
12969,Межъязыковая коммуникация и перевод (английский язык)
12062,Межъязыковая коммуникация и перевод (английский язык)
11060,Межъязыковая коммуникация и перевод (английский язык)
14041,Межъязыковая коммуникация и перевод (немецкий язык)
12970,Межъязыковая коммуникация и перевод (немецкий язык)
13875,Отечественная филология (Русский язык и литература)
11909,Отечественная филология (Русский язык и литература)
11062,Отечественная филология (Русский язык и литература)
11310,Польский язык
12973,Португальский язык
11070,Португальский язык
12914,Медицинские науки
11994,Медицинские науки
12936,Фундаментальная медицина
12836,Лечебное дело
10936,Лечебное дело
9030,Лечебное дело
14227,Сестринское дело
10191,Сестринское дело
14489,Подготовительное отделение (для иностранных граждан)
12758,Французский университетский колледж Санкт-Петербургского государственного университета
12867,Международные отношения
10013,Международные отношения
13705,Школа лидерства
13909,Дипломатия Российской Федерации и зарубежных государств
13021,Дипломатия Российской Федерации и зарубежных государств
12124,Дипломатия Российской Федерации и зарубежных государств
14152,Искусственный интеллект и международная безопасность
13937,Исследования Балтийских и Северных стран
13049,Исследования Балтийских и Северных стран
12143,Исследования Балтийских и Северных стран
13911,Исследования Тихоокеанского региона
13023,Исследования Тихоокеанского региона
12126,Исследования Тихоокеанского региона
13912,Международные гуманитарные связи
13026,Международные гуманитарные связи
12128,Международные гуманитарные связи
13913,Международные отношения на постсоветском пространстве
13027,Международные отношения на постсоветском пространстве
12129,Международные отношения на постсоветском пространстве
13916,Связи с общественностью в сфере международных отношений
13029,Связи с общественностью в сфере международных отношений
12132,Связи с общественностью в сфере международных отношений
13915,Теория международных отношений и внешнеполитический анализ
12131,Теория международных отношений и внешнеполитический анализ
12919,Международные отношения и мировая политика
11999,Международные отношения и мировая политика
11005,Международные отношения и мировая политика
12884,Государственное и муниципальное управление
13972,Международный менеджмент
11145,Международный менеджмент (с изучением европейских и восточных языков)
12982,Международный менеджмент (с изучением европейских или восточных языков)
12508,Международный менеджмент (с изучением европейских или восточных языков)
11923,Менеджмент
11053,Менеджмент
9978,Менеджмент
13750,Лидеры будущего: операционная эффективность
13749,Лидеры будущего: стратегический уровень
14030,Бизнес-аналитика и большие данные (Master in Business Analytics and Big Data - MiBA)
13161,Бизнес-аналитика и большие данные (Master in Business Analytics and Big Data - MiBA)
12055,Бизнес-аналитика и большие данные (Master in Business Analytics and Big Data - MiBA)
13969,Менеджмент (Master in Management - MIM)
13107,Менеджмент (Master in Management - MIM)
11973,Менеджмент (Master in Management - MIM)
14122,Управление умным городом (Master in Smart City Management - MSC)
13233,Управление умным городом (Master in Smart City Management - MSC)
12933,Экономика и управление
12013,Экономика и управление
10937,Экономика и управление
12855,География
11126,География
13841,Геология
12854,Геология
11896,Геология
11222,Геология
10000,Геология
14026,Кадастр недвижимости: оценка и информационное обеспечение
12959,Кадастр недвижимости: оценка и информационное обеспечение
12051,Кадастр недвижимости: оценка и информационное обеспечение
11198,Кадастр недвижимости: оценка и информационное обеспечение
10349,Кадастр недвижимости: оценка и информационное обеспечение
13893,Нефтегазовое дело
12887,Нефтегазовое дело
11927,Нефтегазовое дело
11228,Нефтегазовое дело
9973,Нефтегазовое дело
14009,Организация туристской деятельности (с углубленным изучением китайского языка)
13867,Почвоведение
12858,Почвоведение
12953,Организация туристской деятельности (с углубленным изучением китайского языка)
12043,Организация туристской деятельности (с углубленным изучением китайского языка)
11220,Организация туристской деятельности (с углубленным изучением китайского языка)
9999,Организация туристской деятельности (с углубленным изучением китайского языка)
13989,Туризм
12944,Туризм
12027,Туризм
11036,Туризм
10020,Туризм
13729,Ландшафтный дизайн
14534,Фитодизайн интерьера
13730,Фитодизайн интерьера
14535,"Восьмимесячные подготовительные курсы по предмету география, подготовка к ЕГЭ"
13731,"Восьмимесячные подготовительные курсы по предмету география, подготовка к ЕГЭ"
14538,Фитодизайн интерьера
13734,Фитодизайн интерьера
13733,Изучение и освоение минеральных ресурсов Мирового океана
13904,Геоинформационное картографирование
13014,Геоинформационное картографирование
11940,Геоинформационное картографирование
13903,Геология
13013,Геология
11939,Геология
14048,Геофизика
13170,Геофизика
12072,Геофизика
14050,Гидрогеология и инженерная геология
13172,Гидрогеология и инженерная геология
12074,Гидрогеология и инженерная геология
13982,Комплексное изучение окружающей среды полярных регионов (CORELIS)
12021,Комплексное изучение окружающей среды полярных регионов (CORELIS)
13957,Нефтегазовое дело
11967,Нефтегазовое дело
13015,Полярные и морские исследования (ПОМОР)
13933,Почвоведение
13045,Почвоведение
11956,Почвоведение
14074,Структурная минералогия и материаловедение
13200,Структурная минералогия и материаловедение
13973,Управление объектами недвижимости и развитием территорий
13112,Управление объектами недвижимости и развитием территорий
12015,Управление объектами недвижимости и развитием территорий
14079,Экономическая география и цифровая пространственная аналитика
13206,Экономическая география и цифровая пространственная аналитика
12082,Экономическая география и цифровая пространственная аналитика
12904,Геология
11984,Геология
11013,Геология
14035,Genius: педагог для талантливых школьников
10907,Genius: педагог для талантливых школьников
14065,Педагог для школы высоких технологий
13187,Педагог для школы высоких технологий
12922,"Педагогика (теория, методология, сравнительные исследования и прогнозирование)"
12002,"Педагогика (теория, методология, сравнительные исследования и прогнозирование)"
10920,"Педагогика (теория, методология, сравнительные исследования и прогнозирование)"
12004,Теория и методика обучения иностранным языкам
13870,Политология
11902,Политология
14365,История (подготовительные курсы для абитуриентов по подготовке к ЕГЭ)
13491,История (подготовительные курсы для абитуриентов по подготовке к ЕГЭ)
13285,Политология. Россия (интенсив)
13298,Русский язык. Россия сегодня (триместр)
13190,Политика и современные информационные технологии
14151,Политическая глобалистика
11874,Политическая глобалистика в эпоху цифровой экономики
13958,Политическое управление и публичная политика (на английском языке)
13097,Политическое управление и публичная политика (на английском языке)
12183,Политическое управление и публичная политика (на английском языке)
14101,Публичная политика в современной России
12267,Публичная политика в современной России
13238,Современные политические стратегии
13203,Цифровое публичное управление
12920,Политология
12000,Политология
11001,Политология
12986,Большие данные и распределенная цифровая платформа
11900,Почвоведение
11155,Почвоведение
10007,Почвоведение
13868,Экология и природопользование
12859,Экология и природопользование
11901,Экология и природопользование
11262,Экология и природопользование
9970,Экология и природопользование
14545,Современные технологии освоения трудноизвлекаемых запасов углеводородного сырья
13742,Современные технологии освоения трудноизвлекаемых запасов углеводородного сырья
14541,Эксперт в сфере недропользования
13737,Эксперт в сфере недропользования
14539,Ландшафтный дизайн
13735,Ландшафтный дизайн
14537,Изучение и освоение минеральных ресурсов Мирового океана
13155,География лесов и устойчивое лесоуправление
11328,География лесов и устойчивое лесоуправление
14028,Геологическое сопровождение разработки месторождений углеводородов
13158,Геологическое сопровождение разработки месторождений углеводородов
12054,Геологическое сопровождение разработки месторождений углеводородов
14047,Геоурбанистика
13169,Геоурбанистика
12071,Геоурбанистика
14049,"Геоэкология: мониторинг, природопользование и экологическая безопасность"
13171,"Геоэкология: мониторинг, природопользование и экологическая безопасность"
12073,"Геоэкология: мониторинг, природопользование и экологическая безопасность"
14027,Гидросфера и атмосфера: моделирование и прогноз
13157,Гидросфера и атмосфера: моделирование и прогноз
12053,Гидросфера и атмосфера: моделирование и прогноз
13975,Менеджмент туристских дестинаций
13114,Менеджмент туристских дестинаций
12200,Менеджмент туристских дестинаций
13141,Опасные гидрологические явления: от мониторинга до принятия решений (ГОЯ)
14142,Палеогеография четвертичного периода
13188,"Поиск, разведка и освоение трудноизвлекаемых запасов углеводородного сырья"
13156,"Структура, динамика и охрана ландшафтов"
12052,"Структура, динамика и охрана ландшафтов"
14008,Физическая океанография и биопродуктивность океанов и морей (ФОБОС)
12042,Физическая океанография и биопродуктивность океанов и морей (ФОБОС)
12905,География
11985,География
10960,География
12909,Почвоведение
11989,Почвоведение
10958,Почвоведение
10268,Почвоведение
13919,Межкультурное образование
13032,Межкультурное образование
12134,Межкультурное образование
11872,Педагог для школы высоких технологий
12923,Педагогика
12003,Педагогика
11012,Педагогика
12924,Теория и методика обучения иностранным языкам
10949,Теория и методика обучения иностранным языкам
12861,Политология
11192,Политология
10021,Политология
13294,Политология. Введение (на английском языке)
13290,Политология. Санкт-Петербург в политике
14064,Организация отношений с органами государственной власти
13186,Организация отношений с органами государственной власти
12248,Организация отношений с органами государственной власти
13191,Политические элиты и лидерство
14067,Прикладная политология и этнополитические процессы в современном мире
13192,Прикладная политология и этнополитические процессы в современном мире
12251,Прикладная политология и этнополитические процессы в современном мире
14126,Россия и Китай в глобальной политике (на английском языке)
13237,Россия и Китай в глобальной политике (на английском языке)
13810,Большие данные и распределенная цифровая платформа
14086,Прикладные компьютерные технологии
12981,Прикладные компьютерные технологии
12087,Прикладные компьютерные технологии
13834,Программирование и информационные технологии
11017,Философия
13835,"Прикладная математика, фундаментальная информатика и программирование"
12848,"Прикладная математика, фундаментальная информатика и программирование"
11889,"Прикладная математика, фундаментальная информатика и программирование"
11024,"Прикладная математика, фундаментальная информатика и программирование"
10011,"Прикладная математика, фундаментальная информатика и программирование"
11035,Системный анализ и прикладные компьютерные технологии
10310,Системный анализ и прикладные компьютерные технологии
14145,Инженерно-ориентированная информатика и искусственный интеллект
13896,Исследование операций и системный анализ
13006,Исследование операций и системный анализ
11932,Исследование операций и системный анализ
14015,Математические методы цифровизации экономики
13146,Математические методы цифровизации экономики
11327,Математические методы цифровизации экономики
13930,Методы прикладной математики и информатики в задачах управления
13042,Методы прикладной математики и информатики в задачах управления
11953,Методы прикладной математики и информатики в задачах управления
13974,Прикладная математика и информатика в задачах медицинской диагностики
13113,Прикладная математика и информатика в задачах медицинской диагностики
12016,Прикладная математика и информатика в задачах медицинской диагностики
12026,Прикладные информационные технологии. Информационные экспертные системы
14068,Распределенные вычислительные технологии
13194,Распределенные вычислительные технологии
12078,Распределенные вычислительные технологии
13005,Технологии баз данных
11931,Технологии баз данных
13162,Цифровые технологии и системы
12056,Цифровые технологии и системы
12895,Прикладная математика и процессы управления
11975,Прикладная математика и процессы управления
10978,Прикладная математика и процессы управления
10250,Прикладная математика и процессы управления
13871,Психология
11903,Психология
12063,Межъязыковая коммуникация и перевод (немецкий язык)
11078,Межъязыковая коммуникация и перевод (немецкий язык)
14042,Межъязыковая коммуникация и перевод (французский язык)
12971,Межъязыковая коммуникация и перевод (французский язык)
12064,Межъязыковая коммуникация и перевод (французский язык)
11172,Межъязыковая коммуникация и перевод (французский язык)
14043,Немецкий язык
12972,Немецкий язык
12065,Немецкий язык
11274,Немецкий язык
12990,Нидерландский язык
12870,"Новогреческий язык, византийская и новогреческая филология"
11144,"Новогреческий язык, византийская и новогреческая филология"
12066,Норвежский язык
11092,Норвежский язык
13928,Общая и прикладная фонетика
12891,Общая и прикладная фонетика
11949,Общая и прикладная фонетика
11200,Общая и прикладная фонетика
9981,Общая и прикладная фонетика
12868,Отечественная филология (Русский язык и литература)
9987,Отечественная филология (Русский язык и литература)
12941,"Прикладная, компьютерная и математическая лингвистика (английский язык)"
11291,"Прикладная, компьютерная и математическая лингвистика (английский язык)"
12094,Румынский язык
13929,Русский язык как иностранный
11950,Русский язык как иностранный
14118,Сравнительно-историческое языкознание (английский язык)
12991,Сравнительно-историческое языкознание (английский язык)
13882,Теоретическое и экспериментальное языкознание (английский язык)
12876,Теоретическое и экспериментальное языкознание (английский язык)
11916,Теоретическое и экспериментальное языкознание (английский язык)
14936,Французский язык. Общий курс
12846,Программирование и информационные технологии
11887,Программирование и информационные технологии
11302,Программирование и информационные технологии
9969,Программирование и информационные технологии
14890,Искусственный интеллект
15029,Основы технологий распределенных реестров
13159,Инженерно-ориентированная информатика
11323,Инженерно-ориентированная информатика
13812,Математическая робототехника и искусственный интеллект
13932,Математические и информационные технологии
13044,Математические и информационные технологии
11955,Математические и информационные технологии
13897,Математическое и информационное обеспечение экономической деятельности
13007,Математическое и информационное обеспечение экономической деятельности
11933,Математическое и информационное обеспечение экономической деятельности
13931,Прикладная информатика
13043,Прикладная информатика
11954,Прикладная информатика
13123,Прикладные информационные технологии. Информационные экспертные системы
13193,Процессы управления Мега-сайенс установками
13968,Теория игр и исследование операций
13106,Теория игр и исследование операций
11972,Теория игр и исследование операций
13814,Технологии искусственного интеллекта и Big Data
12898,Математическая кибернетика
11978,Математическая кибернетика
10946,Математическая кибернетика
12912,"Системный анализ, информатика и управление"
11992,"Системный анализ, информатика и управление"
10977,"Системный анализ, информатика и управление"
10263,"Системный анализ, информатика и управление"
12862,Психология
11268,Психология
9977,Психология
14455,SPSS: Современный статистический анализ данных на компьютере
14470,"Деловое общение (управление конфликтами, деловые переговоры, деловой этикет/протокол)"
13545,"Деловое общение (управление конфликтами, деловые переговоры, деловой этикет/протокол)"
14492,Клиническая психология
13453,Клиническая психология
14457,"Краткосрочное психологическое консультирование (консультирование, ориентированное на решение)"
13721,"Краткосрочное психологическое консультирование (консультирование, ориентированное на решение)"
14471,Методический курс «Бизнес-тренер» 1 ступень. Ведение программ бизнес-тренинга
14477,Методы психотерапии и психорегуляции в психологической подготовке спортсменов
13551,Методы психотерапии и психорегуляции в психологической подготовке спортсменов
14923,Педагогика и психология высшей школы и дополнительного профессионального образования
14499,Педагогика и психология высшей школы и дополнительного профессионального образования
14491,Преподаватель высшей школы
14474,Профессиональное выгорание педагога: тренинг самоорганизации и совладания
13541,Психокоррекционные технологии работы с детьми с проблемами в развитии
14916,Психология
13796,Психология
11641,Психология
14452,Психология (для поступающих на основную образовательную программу магистратуры)
13533,Психология (для поступающих на основную образовательную программу магистратуры)
13540,Психология кризисных и экстремальных ситуаций Модуль 2. Психология экстремальных ситуаций
14463,Психология кризисных и экстремальных ситуаций. Модуль 1. Психология кризисных состояний
13539,Психология кризисных и экстремальных ситуаций. Модуль 1. Психология кризисных состояний
15621,Современные педагогические и информационные технологии в высшей школе
14973,Современные психологические технологии работы с персоналом
15915,Управление конфликтом. Тренинг конфликтоустойчивости и разрешения конфликтов
14475,Эффективная коммуникация в сложных ситуациях
14459,Биология для школьников старших классов
13549,Эффективная коммуникация в сложных ситуациях
14460,Математика для школьников старших классов
14461,Русский язык для школьников старших классов
13537,Русский язык для школьников старших классов
13906,Организационная психология и психология менеджмента
13017,Организационная психология и психология менеджмента
11942,Организационная психология и психология менеджмента
14146,Психическое здоровье детей и раннее вмешательство
13993,Психология личности
13127,Психология личности
12032,Психология личности
13994,Психология развития
13128,Психология развития
12033,Психология развития
13934,Социальная психология и политическая психология
13046,Социальная психология и политическая психология
11957,Социальная психология и политическая психология
12915,Психология
11995,Психология
10947,Психология
12835,Клиническая психология
10216,Клиническая психология
9004,Клиническая психология
8259,Клиническая психология
13880,Свободные искусства и науки
12874,Свободные искусства и науки
11914,Свободные искусства и науки
11152,Свободные искусства и науки
10010,Свободные искусства и науки
14777,Восьмимесячные курсы по подготовке к единому государственному экзамену по истории
13708,Восьмимесячные курсы по подготовке к единому государственному экзамену по истории
13971,Арт-критика
13110,Арт-критика
12199,Арт-критика
13970,Кураторские исследования
13108,Кураторские исследования
12190,Кураторские исследования
13885,Социальная работа
12879,Социальная работа
11919,Социальная работа
11197,Социальная работа
9968,Социальная работа
13884,Социология
11918,Социология
9991,Социология
14097,Европейские общества
13213,Европейские общества
12112,Европейские общества
13921,Социология
11944,Социология
14150,Цифровая социология
12917,Социология
14701,Социология управления
14207,Ортодонтия
13089,Ортодонтия
14208,Стоматология детская
14215,Стоматология общей практики
13109,Стоматология общей практики
14203,Стоматология ортопедическая
14205,Стоматология терапевтическая
14204,Стоматология хирургическая
14206,Челюстно-лицевая хирургия
12913,Стоматология
11993,Стоматология
13846,Стоматология
12121,Стоматология
10165,Стоматология
13985,"Прикладная, компьютерная и математическая лингвистика (английский язык)"
12023,"Прикладная, компьютерная и математическая лингвистика (английский язык)"
10271,"Прикладная, компьютерная и математическая лингвистика (английский язык)"
12892,Русский язык как иностранный
11317,Русский язык как иностранный
9984,Русский язык как иностранный
11951,Теория и методика преподавания иностранных языков и культур (английский язык)
9963,Теория и методика преподавания иностранных языков и культур (английский язык)
12877,Теория и практика межкультурной коммуникации (английский язык)
11169,Теория и практика межкультурной коммуникации (английский язык)
9979,Теория перевода и межъязыковая коммуникация
14996,Акселератор интернациональных программ ДПО – русский язык и не только
15747,Актуальные направления филологических исследований: теоретические и прикладные аспекты
14964,Введение в компьютерную лингвистику
15028,Искусственный интеллект и речевые технологии
14449,Деловой русский язык для государственных служащих
14789,Английский язык для детей
10005,Философия
13535,Биология для школьников старших классов
13536,Математика для школьников старших классов
13995,Общая и когнитивная психология
13129,Общая и когнитивная психология
12034,Общая и когнитивная психология
13018,Психическое здоровье
11943,Психическое здоровье
13992,Психология образования
13126,Психология образования
12031,Психология образования
14096,Психология физической культуры и спорта
13212,Психология физической культуры и спорта
12111,Психология физической культуры и спорта
12943,Клиническая психология
12025,Клиническая психология
11008,Клиническая психология
13842,Клиническая психология
12119,Клиническая психология
10945,Клиническая психология
13848,Психология служебной деятельности
12838,Психология служебной деятельности
12191,Психология служебной деятельности
10940,Психология служебной деятельности
10152,Психология служебной деятельности
14784,Восьмимесячные курсы по подготовке к единому государственному экзамену по английскому языку
13755,Восьмимесячные курсы по подготовке к единому государственному экзамену по английскому языку
14776,Восьмимесячные курсы по подготовке к единому государственному экзамену по русскому языку
13707,Восьмимесячные курсы по подготовке к единому государственному экзамену по русскому языку
13944,Музыкальная критика
13056,Музыкальная критика
12150,Музыкальная критика
14033,Социологические исследования в цифровом обществе
12960,Социологические исследования в цифровом обществе
12057,Социологические исследования в цифровом обществе
11034,Социологические исследования в цифровом обществе
10366,Социологические исследования в цифровом обществе
12878,Социология
11245,Социология
14411,Вопросы реализации государственной политики в сфере добровольчества (волонтерства)
14340,Обществознание (подготовительные курсы для абитуриентов по подготовке к ЕГЭ)
13464,Обществознание (подготовительные курсы для абитуриентов по подготовке к ЕГЭ)
13949,Социальная работа
13061,Социальная работа
11958,Социальная работа
13034,Социология
14003,Социология в России и Китае
13137,Социология в России и Китае
12039,Социология в России и Китае
11997,Социология
10954,Социология
13090,Стоматология детская
13085,Стоматология ортопедическая
13087,Стоматология терапевтическая
13086,Стоматология хирургическая
13088,Челюстно-лицевая хирургия
12837,Стоматология
10934,Стоматология
9031,Стоматология
14654,Акушерство и гинекология
14616,Аналитическая химия
14661,Анестезиология и реаниматология
14708,Археология
14625,Биохимия
14592,"Вещественный, комплексный и функциональный анализ"
14735,Виды искусства (с указанием конкретного искусства)
14664,Внутренние болезни
14694,Возрастная психология
14707,Всеобщая история
14620,Высокомолекулярные соединения
14597,Вычислительная математика
14627,Генетика
14647,Геодезия
14645,"Геоинформатика, картография"
14639,"Геология, поиски и разведка твердых полезных ископаемых, минерагения"
14594,Геометрия и топология
14638,Геофизика
14646,Геоэкология
14642,"Гидрология суши, водные ресурсы, гидрохимия"
14704,Государственное управление и отраслевые политики
14593,Дифференциальные уравнения и математическая физика
14630,Зоология
14651,Информатика и информационные процессы
14601,Искусственный интеллект и машинное обучение
14702,История и теория политики
14710,"Историография, источниковедение, методы исторического исследования"
14737,"Историческая теология (по исследовательскому направлению: православие, ислам, иудаизм, протестантизм)"
14717,Логика
14670,Лучевая диагностика
14628,"Математическая биология, биоинформатика"
14596,"Математическая логика, алгебра, теория чисел и дискретная математика"
14683,"Математические, статистические и инструментальные методы в экономике"
14650,"Математическое и программное обеспечение вычислительных систем, комплексов и компьютерных сетей"
14602,"Математическое моделирование, численные методы и комплексы программ"
14599,Механика деформируемого твердого тела
14600,"Механика жидкости, газа и плазмы"
11298,Теоретическое и экспериментальное языкознание (английский язык)
9974,Теоретическое и экспериментальное языкознание (английский язык)
11219,Теория и методика преподавания иностранных языков и культур (немецкий язык)
13883,Теория и практика межкультурной коммуникации (английский язык)
11917,Теория и практика межкультурной коммуникации (английский язык)
10003,Теория и практика межкультурной коммуникации (английский язык)
12095,Финский язык
14045,Французский язык
12976,Французский язык
12070,Французский язык
11289,Французский язык
12977,Шведский язык
11211,Шведский язык
11271,Эстонский язык
11952,Языки Библии
9998,Языки Библии
14216,Искусственный интеллект и речевые технологии
14892,"Методика организации и проведения экзамена по русскому языку как иностранному, истории России и основам законодательства Российской Федерации"
14435,Методика преподавания русского языка как иностранного: лингвистические основы
13430,Методика преподавания русского языка как иностранного: лингвистические основы
14886,Практические аспекты преподавания русского языка как иностранного: довузовский этап обучения
14915,Преподавание русского языка как иностранного
15573,Преподавание русского языка как иностранного в Турции. Уровни А0-В1
15663,"Современное преподавание РКИ: урок, игра и тестирование"
14893,Современный преподаватель русского языка как иностранного
13828,Современный преподаватель русского языка как иностранного
15691,Школа тестора ТРКИ
13692,Девятимесячные подготовительные курсы по английскому языку в формате ЕГЭ для 11 класса
14908,Девятимесячные подготовительные курсы по русскому языку в формате ЕГЭ для 11 класса
13693,Девятимесячные подготовительные курсы по русскому языку в формате ЕГЭ для 11 класса
14896,Пятимесячные подготовительные курсы по английскому языку в формате ЕГЭ для 11 класса
13695,Пятимесячные подготовительные курсы по английскому языку в формате ЕГЭ для 11 класса
15650,Английский язык. Интенсивный курс
14336,Английский язык. Интенсивный курс
12308,Английский язык. Общий курс
14962,Русская литература от 1990-х к 2010-м: история и теория
14963,Русский театр XX–XXI веков: основные направления развития
15589,Русский язык для иностранных граждан. Уровень А2
14232,Русский язык как иностранный. Основной курс
13417,Русский язык как иностранный. Основной курс
14237,Современная русская литература
13626,Финский язык. Общий курс
14480,Деловой русский язык для государственных служащих. Экспресс-курс
15619,Русский язык и литература в школе и вузе: специфика преподавания билингвам и инофонам
13698,Английский язык для детей
14236,Летняя школа русского языка как иностранного в Санкт-Петербургском государственном университете
13428,Летняя школа русского языка как иностранного в Санкт-Петербургском государственном университете
14103,Deutsch als Fremdsprache als Kulturdialog / Немецкий язык как иностранный и межкультурный диалог
14966,Медиатор общего профиля
14712,История международных отношений и внешней политики
14711,История науки и техники
14714,История философии
14665,Кардиология
14634,Клеточная биология
14621,Коллоидная химия
14695,Коррекционная психология и дефектология
14614,Лазерная физика
14726,Литературы народов мира
14733,Медиакоммуникации и журналистика
14693,Медицинская психология
14624,Медицинская химия
14681,Международно-правовые науки
14705,"Международные отношения, глобальные и региональные исследования"
14687,Менеджмент
14724,Методология и технология профессионального образования
14629,Микробиология
14637,"Минералогия, кристаллография. Геохимия, геохимические методы поисков полезных ископаемых"
14686,Мировая экономика
14644,Науки об атмосфере и климате
14669,Неврология
14615,Неорганическая химия
14635,Общая и региональная геология. Геотектоника и геодинамика
14722,"Общая педагогика, история педагогики и образования"
14688,"Общая психология, психология личности, история психологии"
14643,Океанология
14656,"Онкология, лучевая терапия"
14713,Онтология и теория познания
14607,Оптика
14617,Органическая химия
14706,Отечественная история
14691,"Педагогическая психология, психодиагностика цифровых образовательных сред"
14636,"Петрология, вулканология"
14699,Политическая социология
14703,"Политические институты, процессы, технологии"
14633,Почвоведение
14738,"Практическая теология (по исследовательскому направлению: православие, ислам, иудаизм, протестантизм)"
14663,Психиатрия и наркология
14690,"Психология труда, инженерная психология, когнитивная эргономика"
14689,Психофизиология
14263,"Лингводидактическое тестирование: методика проведения тестирования по уровням ТРКИ-II, ТРКИ-III, ТРКИ-IV тестирования для приёма в гражданство Российской Федерации, методика проведения интеграционного экзамена по русскому языку, истории России и основам законодательства"
14262,"Лингводидактическое тестирование: процедура и методика проведения тестирования по уровням ТЭУ, ТБУ, ТРКИ-I, ТРКИ-II (оценка), тестирование для приёма в гражданство Российской Федерации, методика проведения интеграционного экзамена по русскому языку, истории России и основам законодательства"
13558,"Лингводидактическое тестирование: процедура и методика проведения тестирования по уровням ТЭУ, ТБУ, ТРКИ-I, ТРКИ-II (оценка), тестирование для приёма в гражданство Российской Федерации, методика проведения интеграционного экзамена по русскому языку, истории России и основам законодательства"
14178,"Методика организации и проведения экзамена по русскому языку как иностранному, истории России и основам законодательства Российской Федерации"
13388,Онлайн-урок РКИ как особая форма учебной коммуникации
13819,Практические аспекты преподавания русского языка как иностранного: довузовский этап обучения
13516,Преподавание русского языка как иностранного
13560,"Совершенствование умений тестора в системе ТРКИ: теория, практика проведения тестирования, подготовка к тестированию, тестирование в преподавании русского языка мигрантам"
14331,Современный учебник по РКИ: технология моделирования
14968,Тестирование по русскому языку как иностранному для школьников в СПбГУ: от оценки коммуникативных навыков до С1
14895,Девятимесячные подготовительные курсы по английскому языку в формате ЕГЭ для 11 класса
14909,Девятимесячные подготовительные курсы по русской литературе в формате ЕГЭ для 11 класса
13694,Девятимесячные подготовительные курсы по русской литературе в формате ЕГЭ для 11 класса
13449,Зимняя школа русского языка как иностранного
13697,Пятимесячные подготовительные курсы по русской литературе в формате ЕГЭ для 11 класса
14787,Английский язык. Общий курс
13620,Английский язык. Общий курс
13218,Deutsch als Fremdsprache als Kulturdialog / Немецкий язык как иностранный и межкультурный диалог
12269,Deutsch als Fremdsprache als Kulturdialog / Немецкий язык как иностранный и межкультурный диалог
13986,Германия и Восточная Европа в контексте межъязыкового и межкультурного взаимодействия
13122,Германия и Восточная Европа в контексте межъязыкового и межкультурного взаимодействия
12210,Германия и Восточная Европа в контексте межъязыкового и межкультурного взаимодействия
13964,Инновационные технологии перевода: французский/ испанский/ итальянский языки (на французском/ испанском/ итальянском языках)
13102,Инновационные технологии перевода: французский/ испанский/ итальянский языки (на французском/ испанском/ итальянском языках)
12188,Инновационные технологии перевода: французский/ испанский/ итальянский языки (на французском/ испанском/ итальянском языках)
14056,Компьютерная и прикладная лингвистика
14014,Лингвистика англоязычного общественно-политического дискурса
13145,Лингвистика англоязычного общественно-политического дискурса
11856,Лингвистика англоязычного общественно-политического дискурса
13181,Лингвистические проблемы скандинавистики и нидерландистики
13965,Лингвокультурология Великобритании и США
13103,Лингвокультурология Великобритании и США
12189,Лингвокультурология Великобритании и США
12147,Литература и культура народов зарубежных стран
14104,Литературное творчество
13219,Литературное творчество
12270,Литературное творчество
12228,Межкультурная коммуникация: немецко-русский диалог / Interkulturelle Kommunikation als Kulturdialog
12209,Общая и прикладная фонетика (General and Applied Phonetics)
13940,Русская литература
12146,Русская литература
14242,Русский язык и литература
13303,Русский язык и литература
13946,Русский язык и русская культура в аспекте русского языка как иностранного
13058,Русский язык и русская культура в аспекте русского языка как иностранного
12152,Русский язык и русская культура в аспекте русского языка как иностранного
13120,Синхронный перевод (английский язык)
13147,Синхронный перевод (немецкий язык)
14072,Славянские языки и литературы
13198,Славянские языки и литературы
12254,Славянские языки и литературы
13059,Теория и история языка и языки народов Европы
13948,Теория обучения иностранным языкам и межкультурная коммуникация
13060,Теория обучения иностранным языкам и межкультурная коммуникация
12154,Теория обучения иностранным языкам и межкультурная коммуникация
13942,Филологические основы редактирования и критики
13054,Филологические основы редактирования и критики
12148,Филологические основы редактирования и критики
13959,Юридический перевод
13098,Юридический перевод
12185,Юридический перевод
12956,Библеистика
12946,Лингвистика
10976,Лингвистика
12028,Литературоведение
11215,Еврейская культура
13879,Конфликтология
11913,Конфликтология
11189,Конфликтология
9982,Конфликтология
13862,Музеология и охрана объектов культурного и природного наследия
12845,Музеология и охрана объектов культурного и природного наследия
11886,Музеология и охрана объектов культурного и природного наследия
11086,Музеология и охрана объектов культурного и природного наследия
10341,Музеология и охрана объектов культурного и природного наследия
13869,Философия
12118,Философия
14129,Interkulturelle Kommunikation als DACH-RU-Kulturdialog / Межкультурная коммуникация: немецко-русский диалог
14046,Византийская и новогреческая филология
14051,Дискурс и вариативность английского языка
13173,Дискурс и вариативность английского языка
12237,Дискурс и вариативность английского языка
13813,Искусственный интеллект в моделировании речевой деятельности
14055,Классическая филология и античная традиция в мировой культуре
13177,Классическая филология и античная традиция в мировой культуре
12240,Классическая филология и античная традиция в мировой культуре
13178,Компьютерная и прикладная лингвистика
12241,Компьютерная и прикладная лингвистика
14059,Лингвистические проблемы скандинавистики и нидерландистики
12243,Лингвистические проблемы скандинавистики и нидерландистики
13941,Литература и культура народов зарубежных стран
13053,Литература и культура народов зарубежных стран
14060,Литература России и Франции: перекрестный взгляд / Littératures russe et française: regards croisés
13182,Литература России и Франции: перекрестный взгляд / Littératures russe et française: regards croisés
12244,Литература России и Франции: перекрестный взгляд / Littératures russe et française: regards croisés
14034,Литературный перевод
13165,Литературный перевод
12231,Литературный перевод
13121,Общая и прикладная фонетика (General and Applied Phonetics)
14070,Романские языки
13196,Романские языки
12252,Романские языки
13052,Русская литература
13945,Русский язык
13057,Русский язык
12151,Русский язык
13984,Синхронный перевод (английский язык)
12208,Синхронный перевод (английский язык)
13947,Теория и история языка и языки народов Европы
12153,Теория и история языка и языки народов Европы
14106,Теория перевода и межъязыковая коммуникация (немецкий язык)
12272,Теория перевода и межъязыковая коммуникация (немецкий язык)
13976,Юридическая лингвистика
13115,Юридическая лингвистика
11849,Юридическая лингвистика
14083,Язык и коммуникация (на немецком языке)
13210,Язык и коммуникация (на немецком языке)
11876,Язык и коммуникация (на немецком языке)
12029,Лингвистика
12945,Литературоведение
10942,Литературоведение
12873,Конфликтология
12096,Культура Италии
12992,Культура Китая
13877,Культурология
9995,Культурология
11166,Прикладная этика
13878,Религиоведение
12872,Религиоведение
11912,Религиоведение
11132,Религиоведение
9971,Религиоведение
12860,Философия
13647,Медиатор общего профиля
13633,Посредничество (медиация) в разрешении конфликтов. Базовый курс
13960,Визуальные технологии в музее
13099,Визуальные технологии в музее
12186,Визуальные технологии в музее
14155,Культура цифрового общества
13918,Прикладная этика
13031,Прикладная этика
13917,Религиоведение
12133,Религиоведение
14075,Философский диалог России и Франции /Dialogue philosophique entre Russie et France
13201,Философский диалог России и Франции /Dialogue philosophique entre Russie et France
12255,Философский диалог России и Франции /Dialogue philosophique entre Russie et France
12949,Иудейские классические религиозные источники
10927,Иудейские классические религиозные источники
10925,Иудейские классические религиозные памятники
12930,Культурология
12010,Культурология
10962,Культурология
13860,Химическое материаловедение
12987,Химическое материаловедение
13840,Химия
11893,Химия
10015,Химия
14271,Атомный оптический спектральный анализ
13451,Атомный оптический спектральный анализ
13349,Метрологическое обеспечение аналитических работ
14273,Техника и практика хроматографического анализа
13351,Техника и практика хроматографического анализа
13352,Физические и физико-химические методы и средства количественного химического анализа
14512,Подготовительные курсы по химии
14284,Решение задач ЕГЭ по химии повышенного уровня сложности
13728,Решение задач ЕГЭ по химии повышенного уровня сложности
14897,Электрохимические источники тока
13991,Фундаментальные и прикладные аспекты наноматериалов и нанотехнологий
13125,Фундаментальные и прикладные аспекты наноматериалов и нанотехнологий
12030,Фундаментальные и прикладные аспекты наноматериалов и нанотехнологий
12902,Химия
11982,Химия
13892,Бизнес-информатика
11926,Бизнес-информатика
13962,Управление персоналом
12893,Управление персоналом
11969,Управление персоналом
11283,Управление персоналом
10027,Управление персоналом
11925,Экономика
10040,Экономика
12947,Экономика (с углубленным изучением экономики Китая и китайского языка)
11085,Экономика (с углубленным изучением экономики Китая и китайского языка)
13978,Экономико-математические методы
15662,Microsoft Power BI как средство поддержки управленческих решений
14871,"Бухгалтерский учёт, анализ хозяйственной деятельности и аудит"
13763,"Бухгалтерский учёт, анализ хозяйственной деятельности и аудит"
13793,Логистика и операционный менеджмент. Модуль 3: Практики управления логистическими проектами
14879,Мини-МВА. Экономика и управление компанией
15022,Повышение квалификации аттестованных налоговых консультантов
13463,Повышение квалификации аттестованных налоговых консультантов
14400,Управление государственными и муниципальными закупками
14872,Управление инновационным развитием и предпринимательством
13801,Управление инновационным развитием и предпринимательством
15684,Управленческая команда как фактор эффективного развития образовательной организации
14873,Финансовый учет и анализ деятельности фирмы
13764,Финансовый учет и анализ деятельности фирмы
14482,Цифровая трансформация науки и высшего образования
13816,Экономическое развитие и международная торговля после пандемии
14410,Информационно-коммуникационные технологии  в деятельности образовательной организации
15023,Налоговое консультирование
13488,Налоговое консультирование
13065,"Бухгалтерский учёт, анализ и аудит"
11115,"Бухгалтерский учёт, анализ и аудит"
13927,Информационная бизнес-аналитика
13040,Информационная бизнес-аналитика
14523,Посредничество (медиация) в разрешении конфликтов. Базовый курс
14111,Аксиология русской культуры
13225,Аксиология русской культуры
12277,Аксиология русской культуры
14057,Конфликтменеджмент
13179,Конфликтменеджмент
12075,Конфликтменеджмент
13124,Русская культура (на английском языке)
12285,Русская культура (на английском языке)
14110,Философский дискурс современности
13224,Философский дискурс современности
12276,Философский дискурс современности
12955,Конфликтология
12046,Конфликтология
10905,Конфликтология
12928,"Философия, этика и религиоведение"
12008,"Философия, этика и религиоведение"
10971,"Философия, этика и религиоведение"
12852,Химия
11055,Химия
11894,"Химия, физика и механика материалов"
11254,"Химия, физика и механика материалов"
10019,"Химия, физика и механика материалов"
13350,Методы контроля качества нефти и нефтепродуктов
14281,Рентгеноспектральный анализ
13348,Рентгеноспектральный анализ
14274,Физические и физико-химические методы и средства количественного химического анализа
14775,Химический анализ драгоценных металлов и их сплавов
13354,Подготовительные курсы по химии
14171,Безопасность труда на объектах химической промышленности и в химической лаборатории
13901,Химия
13011,Химия
11937,Химия
10950,Химия
10266,Химия
12886,Бизнес-информатика
11082,Бизнес-информатика
10071,Бизнес-информатика
13891,Экономика
12885,Экономика
11236,Экономика
13996,Экономика (с углубленным изучением экономики Китая и китайского языка)
12035,Экономика (с углубленным изучением экономики Китая и китайского языка)
10052,Экономика (с углубленным изучением экономики Китая и китайского языка)
12939,Экономико-математические методы
12020,Экономико-математические методы
11022,Экономико-математические методы
10069,Экономико-математические методы
15683,Информационная безопасность
13792,Логистика и операционный менеджмент. Модуль 2: Операционный менеджмент и управление цепочками поставок
13791,Логистика и операционный менеджмент: Модуль 1. Основы логистики
14877,Профессиональная работа с электронными таблицами
13465,Профессиональная работа с электронными таблицами
14985,Управление научными и образовательными проектами
15955,Управление персоналом организации высшего образования
14875,Управление фирмой
13804,Управление фирмой
14172,Финансы и финансовый анализ в современных условиях
15371,Школа бизнеса
13808,Школа бизнеса
13493,Анализ и визуализация информации предприятия с использованием MS Excel 2013
13508,Современные финансовые технологии
14147,Бизнес России в глобальной экономике и евразийская интеграция
11948,Бизнес России и стран Содружества в глобальной экономике
13167,Институциональный анализ современных рынков
14149,Искусство управления научными проектами / Master of Science in Research Administration (MRA)
13950,Математические методы в экономике
13062,Математические методы в экономике
11959,Математические методы в экономике
13111,Международное предпринимательство
14120,Россия и Китай в международных финансах и торговле (на английском языке)
13231,Россия и Китай в международных финансах и торговле (на английском языке)
14011,Управление бизнесом в цифровой экономике
13142,Управление бизнесом в цифровой экономике
12045,Управление бизнесом в цифровой экономике
11113,Управление бизнесом в цифровой экономике
13955,Управление рисками и страхование
13068,Управление рисками и страхование
11947,Информационная бизнес-аналитика
13925,Международная торговая система (на английском языке)
13038,Международная торговая система (на английском языке)
11945,Международная торговая система (на английском языке)
13951,"Прикладная макроэкономика, экономическая политика и государственное регулирование"
13063,"Прикладная макроэкономика, экономическая политика и государственное регулирование"
11960,"Прикладная макроэкономика, экономическая политика и государственное регулирование"
14148,Управление на основе данных (в онлайн-формате)
13961,Управление развитием организаций
13100,Управление развитием организаций
11968,Управление развитием организаций
14006,Управление человеческими ресурсами
13139,Управление человеческими ресурсами
12041,Управление человеческими ресурсами
14123,Финансовая экономика
13234,Финансовая экономика
13956,Финансовый менеджмент
13069,Финансовый менеджмент
11966,Финансовый менеджмент
11312,Финансовый менеджмент
13953,Экономика и управление на предприятии
13066,Экономика и управление на предприятии
11963,Экономика и управление на предприятии
11128,Экономика и управление на предприятии
14121,Экономические системы (на английском языке)
13232,Экономические системы (на английском языке)
11996,Экономика
11905,Юриспруденция
11074,Юриспруденция
13987,Юриспруденция (с углубленным изучением китайского языка и права КНР)
12942,Юриспруденция (с углубленным изучением китайского языка и права КНР)
12024,Юриспруденция (с углубленным изучением китайского языка и права КНР)
11125,Юриспруденция (с углубленным изучением китайского языка и права КНР)
10036,Юриспруденция (с углубленным изучением китайского языка и права КНР)
13576,Авторское право и смежные права: проблемы правоприменительной практики
14551,Бухгалтерский учёт и экономика фирмы для юристов
13565,Бухгалтерский учёт и экономика фирмы для юристов
14798,Контроль и надзор государства: новый подход
13600,Контроль и надзор государства: новый подход. Летняя школа
15616,Корпоративный секретарь акционерного общества
13562,Корпоративный секретарь акционерного общества
14567,"Налоговый кодекс, часть I: актуальные проблемы правоприменения и системные подходы к их решению"
13584,"Налоговый кодекс, часть II: актуальные проблемы правоприменения и системные подходы к их решению"
14549,Нотариат и гражданский оборот
13563,Нотариат и гражданский оборот
14576,Организация и проведение мониторинга правоприменения
14495,Права человека в сфере труда: теория и практика
14553,Правовое регулирование отношений в сфере строительства и приобретения недвижимости
13567,Правовое регулирование отношений в сфере строительства и приобретения недвижимости
13575,Правовые вопросы землепользования и недвижимости
14559,Судебная защита прав налогоплательщиков
14566,Уголовная и гражданско-правовая ответственность медицинских работников
13582,Уголовная и гражданско-правовая ответственность медицинских работников
14558,Язык закона
13573,Язык закона
14099,Банкротное право
13215,Банкротное право
12114,Банкротное право
14007,"Гражданское право, семейное право"
13140,"Гражданское право, семейное право"
12220,"Гражданское право, семейное право"
12265,Корпоративный юрист
14062,Международное публичное право
13184,Международное публичное право
12246,Международное публичное право
13936,Налоговое право
13048,Налоговое право
12142,Налоговое право
14124,Правовое сопровождение бизнеса
13235,Правовое сопровождение бизнеса
13935,Предпринимательское право
11965,Управление рисками и страхование
13952,"Учёт, анализ, аудит"
13064,"Учёт, анализ, аудит"
11961,"Учёт, анализ, аудит"
13954,Финансовые рынки и банки
13067,Финансовые рынки и банки
11964,Финансовые рынки и банки
14076,Цифровая трансформация с использованием технологий распределённых реестров
13202,Цифровая трансформация с использованием технологий распределённых реестров
12080,Цифровая трансформация с использованием технологий распределённых реестров
11284,Цифровая трансформация с использованием технологий распределённых реестров
14078,Экономика фирмы и инновационной деятельности
13205,Экономика фирмы и инновационной деятельности
12081,Экономика фирмы и инновационной деятельности
12916,Экономика
10987,Экономика
13843,Юриспруденция
12864,Юриспруденция
10035,Юриспруденция
9242,Юриспруденция
14018,Юриспруденция (с углубленным изучением японского языка и права Японии)
12958,Юриспруденция (с углубленным изучением японского языка и права Японии)
12049,Юриспруденция (с углубленным изучением японского языка и права Японии)
11190,Юриспруденция (с углубленным изучением японского языка и права Японии)
10318,Юриспруденция (с углубленным изучением японского языка и права Японии)
13748,Актуальные вопросы права и управления финансами для налоговых юристов
14550,Актуальные проблемы гражданского права
13564,Актуальные проблемы гражданского права
14554,Договорное право
13568,Договорное право
14574,Корпоративные финансы
13591,Корпоративные финансы
15787,"Летняя школа права ""Современные проблемы криминалистики"""
14221,"Летняя школа права ""Современные проблемы криминалистики"""
14552,Нотариальная практика
15620,Образование и труд: гарантии прав работников
14555,Правовое регулирование внешнеэкономической деятельности
13569,Правовое регулирование внешнеэкономической деятельности
14560,Правовые вопросы землепользования и недвижимости
14563,Прикладные аспекты по обеспечению законности и защиты собственных интересов в сфере государственных и муниципальных закупок
14493,Социальные аспекты европейской интеграции
14579,Эффективные переговоры для юристов
13747,Эффективные переговоры для юристов
14565,Ятрогенные преступления: особенности уголовного преследования
14098,Transnational Legal Practice (in English) / Юридическое сопровождение международного бизнеса (на английском языке)
13214,Transnational Legal Practice (in English) / Юридическое сопровождение международного бизнеса (на английском языке)
12113,Transnational Legal Practice (in English) / Юридическое сопровождение международного бизнеса (на английском языке)
13907,"Гражданский процесс, арбитражный процесс"
13019,"Гражданский процесс, арбитражный процесс"
12122,"Гражданский процесс, арбитражный процесс"
14100,Корпоративный юрист
13216,Корпоративный юрист
13983,Медицинское и фармацевтическое право
13119,Медицинское и фармацевтическое право
12207,Медицинское и фармацевтическое право
14063,Международное частное право
13185,Международное частное право
12247,Международное частное право
12184,Правовое регулирование природопользования
14032,Уголовное право
13164,Уголовное право
12230,Уголовное право
14081,Юрист в сфере оборота недвижимости
13208,Юрист в сфере оборота недвижимости
12259,Юрист в сфере оборота недвижимости
14031,Юрист в сфере уголовного судопроизводства
13163,Юрист в сфере уголовного судопроизводства
12229,Юрист в сфере уголовного судопроизводства
12918,Юриспруденция
11998,Юриспруденция
10985,Юриспруденция
13047,Предпринимательское право
12141,Предпринимательское право
14125,Эколого-юридическое сопровождение хозяйственной деятельности
13236,Эколого-юридическое сопровождение хозяйственной деятельности
14080,Юрист в сфере нормотворческой деятельности
13207,Юрист в сфере нормотворческой деятельности
12258,Юрист в сфере нормотворческой деятельности
14082,Юрист в сфере спортивного права (спортивный юрист)
13209,Юрист в сфере спортивного права (спортивный юрист)
12260,Юрист в сфере спортивного права (спортивный юрист)
14004,Юрист в сфере финансового рынка (финансовый юрист)
13138,Юрист в сфере финансового рынка (финансовый юрист)
12219,Юрист в сфере финансового рынка (финансовый юрист)
