id,name,type,field_id
361328,Дистанционная подготовка к ЕГЭ по математике,очно-заочная,14300
360616,Подготовка к ЕГЭ по информатике,очная,14294
360702,Подготовка к ЕГЭ по информатике 2,очная,14294
360531,Подготовка к ЕГЭ по истории,очная,14295
360610,Подготовка к ЕГЭ по истории,очная,14295
360613,Подготовка к ЕГЭ по математике,очная,14296
360773,Подготовка к ЕГЭ по математике 2,очная,14296
361038,Подготовка к ЕГЭ по математике 3,очная,14296
361040,Подготовка к ЕГЭ по математике 3,очная,14296
360618,Подготовка к ЕГЭ по обществознанию,очная,14297
360614,Подготовка к ЕГЭ по русскому языку,очная,14298
360619,Дополнительные главы биологии ( 9 класс),очная,14316
360615,Дополнительные главы математики ( 7 класс),очная,14312
334171,9Е1,очная,14247
334371,9Е2,очная,14247
334387,8К1,очная,14245
334453,8К2,очная,14245
334326,9К1,очная,13269
334219,9К2,очная,13269
334100,8М1,очная,14246
334231,8М2,очная,14246
334031,9М1,очная,13270
333986,9М2,очная,13270
334180,10Б1,очная,14249
334114,10Б2,очная,14249
334205,11Б1,очная,13273
334309,11Б2,очная,13273
334409,10Г1,очная,14250
333984,10Г2,очная,14250
334251,11Г1,очная,13274
334474,11Г2,очная,13274
334011,10К1,очная,14248
334441,10К2,очная,14248
334290,11К1,очная,13272
334296,11К2,очная,13272
334422,10М1,очная,14253
334351,10М2,очная,14253
334380,11М1,очная,13277
334321,11М2,очная,13277
334354,10И1,очная,14251
334087,10И2,очная,14251
334061,11И1,очная,13275
334483,11И2,очная,13275
334363,10Д1,очная,14252
334431,10Д2,очная,14252
333998,11Д1,очная,13276
334071,11Д2,очная,13276
332686,22.Б01-Б,очная,13863
332673,22.Б02-Б,очная,13863
332705,22.Б03-Б,очная,13863
332654,22.Б04-Б,очная,13863
332671,22.Б05-Б,очная,13863
332678,22.Б06-Б,очная,13863
332666,22.Б07-Б,очная,13863
332667,22.Б08-Б,очная,13863
332701,22.Б09-Б,очная,13863
332682,22.Б10-Б,очная,13863
332685,22.Б11-Б,очная,13863
332669,22.Б12-Б,очная,13863
331597,21.Б01-Б,очная,12853
331612,21.Б02-Б,очная,12853
331610,21.Б03-Б,очная,12853
331605,21.Б04-Б,очная,12853
331589,21.Б05-Б,очная,12853
331587,21.Б06-Б,очная,12853
331602,21.Б07-Б,очная,12853
331600,21.Б08-Б,очная,12853
331596,20.Б01-Б,очная,11895
331595,20.Б02-Б,очная,11895
331593,20.Б03-Б,очная,11895
331603,20.Б04-Б,очная,11895
331599,20.Б05-Б,очная,11895
331607,20.Б06-Б,очная,11895
331604,20.Б07-Б,очная,11895
331611,20.Б08-Б,очная,11895
331613,19.Б01-Б,очная,11027
331594,19.Б02-Б,очная,11027
331606,19.Б03-Б,очная,11027
331592,19.Б04-Б,очная,11027
331608,19.Б05-Б,очная,11027
331590,19.Б06-Б,очная,11027
331588,19.Б07-Б,очная,11027
331614,19.Б08-Б,очная,11027
332650,22.Б13-Б,очная,14085
332684,22.Б14-Б,очная,14085
331601,21.Б09-Б,очная,12980
331609,20.Б09-Б,очная,12086
331591,20.Б11-Б,очная,12086
332652,22.М02-Б,очная,14016
331181,21.М02-Б,очная,13148
332694,22.М03-Б,очная,13902
331183,21.М03-Б,очная,13012
332692,22.М05-Б,очная,14144
331186,21.М01-Б,очная,13134
332670,22.М01-Б,очная,14143
332691,22.М04-Б,очная,13905
331182,21.М04-Б,очная,13016
331725,21.А01-Б,очная,12906
331705,20.А01-Б,очная,11986
331729,19.А01-Б,очная,10939
331710,21.А03-Б,очная,12908
331722,20.А03-Б,очная,11988
331723,19.А03-Б,очная,10997
331724,21.А02-Б,очная,12907
331717,20.А02-Б,очная,11987
331709,19.А02-Б,очная,11002
331706,21.А04-Б,очная,12903
331720,20.А04-Б,очная,11983
332603,22.Б26-в,очная,14090
332543,20.Б26-в,очная,12097
332412,21.Б59-в,очная,12963
332873,19.Б59-в,очная,11023
332877,18.Б43-в,очная,10260
332442,21.Б38-в,очная,12993
332515,22.Б60-в,очная,14091
332542,20.Б60-в,очная,12098
332493,20.Б03-в,очная,12099
332575,22.Б29-в,очная,14136
332885,19.Б29-в,очная,11111
332425,21.Б29-в,очная,12994
332507,20.Б32-в,очная,12100
332520,22.Б28-в,очная,14092
332564,20.Б28-в,очная,12101
332417,21.Б05-в,очная,12934
332854,19.Б05-в,очная,11106
332453,21.Б01-в,очная,12995
332884,19.Б01-в,очная,11179
332586,20.Б17-в,очная,12102
332481,20.Б21-в,очная,12103
332452,21.Б03-в,очная,12996
332863,19.Б03-в,очная,11159
332457,21.Б06-в,очная,12997
332422,22.Б06-в,очная,14137
332497,20.Б06-в,очная,12104
332459,22.Б12-в,очная,14093
332498,22.Б13-в,очная,14093
332530,20.Б12-в,очная,12105
332580,20.Б13-в,очная,12105
332446,22.Б10-в,очная,14138
332880,19.Б10-в,очная,11193
332419,21.Б19-в,очная,12998
332454,21.Б16-в,очная,12999
332414,21.Б02-в,очная,13000
332410,21.Б07-в,очная,13001
332434,21.Б08-в,очная,13002
332860,19.Б08-в,очная,11294
332494,22.Б14-в,очная,14094
332529,22.Б15-в,очная,14094
332584,20.Б14-в,очная,12106
332531,20.Б15-в,очная,12106
332427,21.Б40-в,очная,12967
332409,21.Б41-в,очная,12967
332872,19.Б40-в,очная,11287
332857,19.Б41-в,очная,11287
332615,20.Б42-в,очная,12107
332892,19.Б39-в,очная,11044
332528,22.Б34-в,очная,14139
332888,19.Б34-в,очная,11276
332889,19.Б64-в,очная,11290
332621,20.Б34-в,очная,12108
332508,22.Б33-в,очная,14095
332570,20.Б33-в,очная,12109
332518,20.Б50-в,очная,12110
332856,19.Б50-в,очная,11088
332551,22.Б51-в,очная,14140
332423,21.Б51-в,очная,13003
332606,22.Б61-в,очная,14141
332438,21.Б44-в,очная,13004
332432,21.Б45-в,очная,13004
332852,19.Б44-в,очная,11071
332855,19.Б45-в,очная,11071
360860,ППа22,очная,14778
360855,ППк21,очная,13632
360859,ППк22,очная,13632
360590,Групп 1к02,очная,14341
360705,Группа 1к04,очная,14341
360966,Группа 1к05,очная,14341
360968,Группа 1к08,очная,14341
362397,Группа 1к11,очная,14341
360520,Гркппа 2к01,очная,13603
360579,Группа 3к02,очная,13603
360518,Группа 3к03,очная,13603
360640,Группа 4к01,очная,12505
360744,Группа 5к01,очная,14351
360745,Группа 5к02,очная,14351
362840,Группа 5к05,очная,14351
360690,Группа 1а2,очная,14349
361299,Группа 1п,очная,14349
360688,Группа 1т,очная,14349
362383,Группа 1т2,очная,14349
361037,Группа 1я,очная,14349
360517,Группа 2а,очная,13607
360584,Группа 3а,очная,13607
360532,Группа 3к,очная,13607
360516,Группа 3т,очная,13607
360682,1к,очная,14348
361293,Группа 3я,очная,13606
361050,Группа ОВ,очная,14347
358967,Группа 1к,очная,14342
360589,Группа 1к01,очная,14342
360704,Группа 1к03,очная,14342
360708,Группа 1к06,очная,14342
360710,Группа 1к07,очная,14342
361058,Группа 1к09,очная,14342
362395,Группа 1к10,очная,14342
358968,Группа 2к01,очная,13604
358969,Группа 2к02,очная,13604
360578,Группа 3к01,очная,13604
359426,Группа 3к03,очная,13604
360746,Группа 5к03,очная,14350
362834,Группа 5к04,очная,14350
332583,22.М10-в,очная,14024
332483,22.М16-в,очная,13980
332572,21.М16-в,очная,13117
332605,22.М04-в,очная,14054
332547,21.М03-в,очная,13176
332513,22.М03-в,очная,14058
332595,21.М04-в,очная,13180
332560,22.М02-в,очная,14112
332490,21.М02-в,очная,13226
332514,22.М06-в,очная,14066
332562,21.М06-в,очная,13189
332553,22.М05-в,очная,14069
332576,22.М28-в,очная,14001
332550,21.М28-в,очная,13135
332489,22.М11-в,очная,14131
332559,21.М11-в,очная,13245
332579,22.М07-в,очная,14077
332549,21.М07-в,очная,13204
332619,22.М01-в,очная,14084
332598,21.М01-в,очная,13211
333111,21.А03-в,очная,12927
333112,20.А03-в,очная,12007
333095,21.А02-в,очная,12931
333072,20.А02-в,очная,12011
333109,21.А01-в,очная,12932
333099,20.А01-в,очная,12012
334094,22.Б07-вшж,очная,13844
334182,22.Б08-вшж,очная,13844
334229,22.Б09-вшж,очная,13844
334275,22.Б10-вшж,очная,13844
334373,22.Б11-вшж,очная,13844
334166,22.Б12-вшж,очная,13844
334383,22.Б13-вшж,очно-заочная,13844
334423,22.Б14-вшж,очно-заочная,13844
333575,21.Б07-вшж,очная,12865
333543,21.Б08-вшж,очная,12865
333537,21.Б09-вшж,очная,12865
333715,21.Б10-вшж,очная,12865
333454,21.Б11-вшж,очная,12865
333594,21.Б12-вшж,очная,12865
333627,21.Б13-вшж,очно-заочная,12865
333509,21.Б14-вшж,очно-заочная,12865
333584,20.Б07-вшж,очная,11906
333725,20.Б09-вшж,очная,11906
333738,20.Б11-вшж,очная,11906
333432,20.Б13-вшж,очно-заочная,11906
333610,19.Б06-вшж,очная,11028
333540,19.Б08-вшж,очная,11028
333574,19.Б17-вшж,очная,11028
333567,19.Б10-вшж,очно-заочная,11028
333489,18.Б11-вшж,очно-заочная,9985
333550,18.Б13-вшж,очно-заочная,9985
333994,22.Б01-вшж,очная,13977
334177,22.Б03-вшж,очная,13977
333671,21.Б02-вшж,очная,12935
333452,21.Б04-вшж,очная,12935
333688,20.Б02-вшж,очная,12017
333434,20.Б04-вшж,очная,12017
333730,20.Б06-вшж,очная,12017
333666,19.Б01-вшж,очная,11237
333458,19.Б03-вшж,очная,11237
333706,19.Б14-вшж,очная,11237
334299,22.Б16-вшж,очная,13873
333559,21.Б16-вшж,очная,12866
333479,20.Б16-вшж,очная,11907
333608,20.Б18-вшж,очная,11907
333523,19.Б11-вшж,очная,11140
333656,19.Б13-вшж,очная,11140
333654,18.Б17-вшж,очно-заочная,9966
361361,ДОП Журналистика,очная,14816
384374,ДОП Спичрайтинг и эффект. коммуникации (апрель),очная,14810
387217,"2 группа (интенсивный курс ""Основы журналистской деятельности"")",очная,14807
360691,"доп ""Основы журналистской деятельности""",очная,14805
334476,22.М07-вшж,очная,14114
386848,20.М01-вшж,очная,12281
334086,22.М02-вшж,очная,14115
333735,21.М02-вшж,очная,13228
334457,22.М01-вшж,очная,14128
333752,21.М01-вшж,очная,13240
333634,21.М03-вшж,очная,13241
334154,22.М09-вшж,очная,14113
333460,21.М07-вшж,очная,13227
334107,22.М10-вшж,очная,14029
333505,21.М09-вшж,очная,13160
334099,22.М04-вшж,очная,14117
333442,21.М04-вшж,очная,13229
334485,22.М06-вшж,очная,14061
333745,21.М06-вшж,очная,13183
334449,22.М03-вшж,очная,14153
334108,22.М05-вшж,очная,14002
333431,21.М05-вшж,очная,13136
334151,22.М11-вшж,очная,14127
333491,21.М08-вшж,очная,13239
333568,21.А01-вшж,очная,12921
333490,20.А01-вшж,очная,12001
333562,21.А02-вшж,очная,12940
333591,20.А02-вшж,очная,12022
383691,48-03,очная,14865
361498,48-06//,очно-заочная,14865
331987,22.М94-фл,очная,14023
332704,21.М94-фл,очная,13152
331966,22.М95-фл,очная,14021
332656,21.М95-фл,очная,13150
331995,22.М92-фл,очная,14052
332688,21.М92-фл,очная,13174
331947,22.М97-фл,очная,14102
332662,21.М91-фл,очная,13217
331988,22.М99-фл,очная,14154
331991,22.М98-фл,очная,14130
334024,22.М12-ю,очная,14020
334000,21.М12-ю,очная,13246
332866,22.Б04-и,очная,13886
332869,22.Б07-и,очная,13888
332953,21.Б07-и,очная,12882
332930,20.Б07-и,очная,11922
332977,19.Б07-и,очная,11183
332874,22.Б05-и,очная,13887
332853,21.Б05-и,очная,12881
332959,20.Б05-и,очная,11921
333010,19.Б05-и,очная,11227
333034,22.Б08-и,очная,14036
361321,ГД-1,очная,14781
361192,Группа ДС ДПИ,очная,14794
362438,Группа ХК,очная,14783
332893,22.М02-и,очная,13924
332881,21.М02-и,очная,13037
332890,22.М03-и,очная,13922
332864,21.М03-и,очная,13035
332871,22.С01-и,очная,13854
332966,21.С01-и,очная,12843
332962,20.С01-и,очная,12235
332978,19.С01-и,очная,10972
332975,18.С03-и,очная,10143
333007,17.С03-и,очная,9190
332876,22.С03-и,очная,13853
333041,21.С03-и,очная,12842
333027,20.С03-и,очная,12234
334173,22.М12-пу,очная,14068
334241,21.М12-пу,очная,13194
334280,21.М11-пу,очная,13005
334203,22.М11-пу,очная,13814
334420,21.М10-пу,очная,13162
332175,21.А01-пу,очная,12895
332221,20.А01-пу,очная,11975
332191,19.А01-пу,очная,10978
332286,22.Б01-пс,очная,13871
332338,22.Б03-пс,очная,13871
332288,21.Б02-пс,очная,12862
332329,21.Б04-пс,очная,12862
332337,20.Б01-пс,очная,11903
332301,20.Б03-пс,очная,11903
332339,19.Б02-пс,очная,11268
387243,ДОП СПСС июнь 2023,очная,14455
387118,ДОП деловое общение 5-9.06.2023,очная,14470
361936,22/1158/1 Клиническая психология 1 семестр весна 2023,очная,14492
358149,21/1158/1 3 семестр,очная,13453
365425,ДОП краткосрочное консультирование 22.03-28.03 2023,очная,14457
361993,ДОП краткосрочное консультирование 25-31.01.2023,очная,14457
387352,ДОП ВШ и ДПО 2023,очная,14923
361458,22/1018/1 ДОП 22ПП-1(2),очная,14916
333483,20.Б08-вшж,очная,11906
333507,20.Б10-вшж,очная,11906
333647,20.Б12-вшж,очная,11906
333689,20.Б14-вшж,очно-заочная,11906
333633,19.Б05-вшж,очная,11028
333755,19.Б07-вшж,очная,11028
333592,19.Б16-вшж,очная,11028
333580,19.Б09-вшж,очно-заочная,11028
333681,18.Б12-вшж,очно-заочная,9985
334415,22.Б02-вшж,очная,13977
334155,22.Б04-вшж,очная,13977
333549,21.Б01-вшж,очная,12935
333709,21.Б03-вшж,очная,12935
333728,21.Б05-вшж,очная,12935
333508,20.Б01-вшж,очная,12017
333482,20.Б03-вшж,очная,12017
333554,20.Б05-вшж,очная,12017
333692,19.Б02-вшж,очная,11237
333506,19.Б04-вшж,очная,11237
334377,22.Б15-вшж,очная,13873
334181,22.Б17-вшж,очная,13873
333564,21.Б15-вшж,очная,12866
333678,21.Б17-вшж,очная,12866
333463,20.Б15-вшж,очная,11907
333429,20.Б17-вшж,очная,11907
333527,19.Б12-вшж,очная,11140
361468,ДОП Спичрайтинг и эффект.коммуникации,очная,14810
360743,"доп ""Журналистика для школьников""",очная,14806
387216,"1 группа (интенсивный курс ""Основы журналистской деятельности"")",очная,14807
383689,48-06,очная,14865
361499,48-07,очно-заочная,14865
385081,5-01,очная,14373
331949,22.М93-фл,очно-заочная,14022
332657,21.М93-фл,очно-заочная,13151
358631,20.М93-фл,очно-заочная,12225
331967,22.М90-фл,очная,14021
332023,22.М96-фл,очная,14021
332683,21.М90-фл,очная,13150
332677,21.М96-фл,очная,13150
331984,22.М91-фл,очная,14102
332676,21.М97-фл,очная,13217
332971,22.Б01-и,очная,14017
332938,21.Б01-и,очная,12957
333036,20.Б01-и,очная,12048
332935,19.Б01-и,очная,11273
361320,ГД-1,очная,13886
332894,21.Б04-и,очная,12880
332967,20.Б04-и,очная,11920
333026,19.Б04-и,очная,11184
333005,22.Б02-и,очная,14038
332972,20.Б08-и,очная,11867
333008,22.Б03-и,очная,13894
332973,21.Б03-и,очная,12888
333019,20.Б03-и,очная,11928
333033,19.Б03-и,очная,11076
332882,22.Б06-и,очная,14044
332927,21.Б06-и,очная,12974
333012,20.Б06-и,очная,12068
333016,19.Б06-и,очная,11305
361051,ГД-0,очная,14781
360862,Группа ГД,очная,14781
332862,22.М01-и,очная,13923
332883,21.М01-и,очная,13036
332891,22.М04-и,очная,14053
332875,21.М04-и,очная,13175
332954,17.С04-и,очная,9190
333015,19.С03-и,очная,10991
332931,21.С04-и,очная,12841
332934,18.С04-и,очная,10285
332861,22.С04-и,очная,13856
332933,20.С04-и,очная,12262
333037,19.С05-и,очная,10918
332439,22.Б07-ии,очная,14010
334430,21.Б05-ии,очная,12954
334466,20.Б05-ии,очная,12044
334242,19.Б07-ии,очная,11259
332451,22.Б01-ии,очная,13872
332435,22.Б02-ии,очная,13872
332424,22.Б03-ии,очная,13872
332428,22.Б04-ии,очная,13872
332426,22.Б05-ии,очная,13872
359918,22.Б10-ии,очная,13872
334287,21.Б01-ии,очная,12863
334307,21.Б02-ии,очная,12863
334046,21.Б03-ии,очная,12863
334015,21.Б04-ии,очная,12863
333982,21.Б10-ии,очная,12863
334140,20.Б01-ии,очная,11904
334346,20.Б02-ии,очная,11904
331782,20.Б03-ии,очная,11904
334210,20.Б04-ии,очная,11904
334138,19.Б01-ии,очная,11225
334013,19.Б02-ии,очная,11225
334243,19.Б03-ии,очная,11225
334228,19.Б04-ии,очная,11225
332416,22.Б06-ии,очная,13881
332441,22.Б08-ии,очная,13881
334454,21.Б06-ии,очная,12875
334119,21.Б08-ии,очная,12875
334025,20.Б06-ии,очная,11915
334175,19.Б08-ии,очная,11309
332413,22.Б09-ии,очная,13998
334366,20.Б07-ии,очная,11853
360961,ДОП 2232 управление музейными фондами модули атрибуция,очно-заочная,14528
360965,ДОП 0442 История для школьников,очная,14526
332429,22.М08-ии,очная,13920
334470,21.М08-ии,очная,13033
334440,21.М02-ии,очная,13144
332431,22.М01-ии,очная,13979
332460,22.М06-ии,очная,14107
334127,21.М06-ии,очная,13221
332421,22.М10-ии,очная,13963
334236,21.М10-ии,очная,13101
332436,22.М11-ии,очная,13997
334344,21.М11-ии,очная,13131
332433,22.М05-ии,очная,14109
334312,21.М05-ии,очная,13223
332448,22.М07-ии,очная,14071
334043,21.М07-ии,очная,13197
332411,22.М04-ии,очная,13999
334277,21.М04-ии,очная,13132
332415,22.М09-ии,очная,14000
334074,21.М09-ии,очная,13133
358375,21.А01-ии,очная,12925
358374,21.А02-ии,очная,12925
334115,20.А01-ии,очная,12005
358373,21.А03-ии,очная,12929
334161,20.А03-ии,очная,12009
386218,ДОП Нейролингвистика 22.04.2023,очно-заочная,14921
331544,22.Б01-мкн,очная,13833
331523,22.Б03-мкн,очная,13833
334126,21.Б01-мкн,очная,12844
334486,21.Б03-мкн,очная,12844
333981,20.Б01-мкн,очная,11885
334386,20.Б03-мкн,очная,11885
334212,19.Б01-мкн,очная,11226
334401,19.Б03-мкн,очная,11226
334047,20.Б06-мкн,очная,12067
334297,19.Б05-мкн,очная,11285
331537,22.Б05-мкн,очная,13859
333992,21.Б06-мкн,очная,12985
331556,22.Б09-мкн,очная,13855
334054,21.Б10-мкн,очная,12975
333985,20.Б09-мкн,очная,12069
334273,19.Б10-мкн,очная,11282
331531,22.М02-мкн,очная,13596
331528,22.М01-мкн,очная,14073
334089,21.М01-мкн,очная,13199
334728,19.Б07-мм,очная,11295
334778,19.Б09-мм,очная,11295
334112,22.Б12-мм,очная,13836
334724,21.Б12-мм,очная,12849
334749,20.Б12-мм,очная,11890
334726,19.Б12-мм,очная,11315
334774,21.Б05-мм,очная,12847
334742,20.Б06-мм,очная,11888
334766,19.Б04-мм,очная,11094
334730,19.Б06-мм,очная,11094
334123,22.Б05-мм,очная,13861
334091,22.Б15-мм,очная,13895
334755,21.Б11-мм,очная,12889
334472,22.Б07-мм,очная,13858
334037,22.Б09-мм,очная,13858
334733,21.Б08-мм,очная,12979
334758,21.Б10-мм,очная,12979
334770,20.Б07-мм,очная,12085
334736,20.Б09-мм,очная,12085
356735,22_1027_МАИС_1с,очно-заочная,14510
361455,21_1027_МАИС,очно-заочная,13331
386784,1527_ОПР_1_2023,очно-заочная,14889
358846,22_1813_ПКуИнф,очно-заочная,14839
357819,22_1812_ПКуРязык,очно-заочная,14511
384533,22_2257_2023,очно-заочная,14514
334897,22.М08-мм,очная,13811
334010,22.М02-мм,очная,14012
334729,21.М03-мм,очная,13143
334163,22.М05-мм,очная,13966
334759,21.М04-мм,очная,13104
334313,22.М06-мм,очная,13898
334769,21.М06-мм,очная,13008
335363,21.А03-мм,очная,12899
335341,20.А03-мм,очная,11979
335346,19.А04-мм,очная,10965
335344,21.А01-мм,очная,12894
335359,20.А01-мм,очная,11974
335348,19.А01-мм,очная,10931
334447,22.С03-мм,очная,13839
334765,21.С03-мм,очная,12834
336653,20.С03-мм,очная,12117
334741,19.С03-мм,очная,10989
334777,18.С03-мм,очная,10183
334751,17.С03-мм,очная,9307
334198,22.С02-мм,очная,13850
334723,21.С02-мм,очная,12840
336654,20.С02-мм,очная,12202
334747,19.С02-мм,очная,10967
334737,18.С02-мм,очная,10178
360346,Абдоминальное ультразвуковое исследование в хирургической практике_2133_12.09.22-16.09.22,очная,14768
362384,Актуальные вопросы амбулаторного ведения пациентов с мочекаменной болезнью_1728_13.03.-15.03.2023,очная,15013
360857,Актуальные вопросы кардиологии_1615_10.10.-20.12.2022,очно-заочная,14907
361878,Актуальные вопросы современной урологии_2348_30.01.-18.02.2023,очно-заочная,14959
361958,Актуальные проблемы анестезиологии и реаниматологии_0250_30.01.-27.02.2023,очная,15594
360352,Алкогольные поражения органов ЖКТ_2435_19.09.22-07.10.22,очно-заочная,14829
361316,Анализ данных ХМ у больных с электрокардиостимуляторами_1141_10.11.-29.11.2022,очно-заочная,14740
383690,Анализ данных ХМ ЭКГ у больных с брадиаритмиями и блокадами сердца_1594_12.05.-24.05.2023,очно-заочная,14860
383679,Анализ данных ХМ ЭКГ у больных с фибриляцией_1543_05.05.-22.05.2023,очно-заочная,14756
362809,Вирусные инфекции в медицинской практике_2442_22.05.-26.05.2023,очная,14902
361442,Заболевания шейки матки в амбулаторной гинекологической практике_1111_02.12.-05.12.2022,очная,14503
361779,Инновационные методы диагностики и лечения атеросклероза_1799_24.12-27.12.22,очная,15570
383486,Канцеропревенция в гастроэнтерологии_2505_17.04.-10.05.2023,очно-заочная,14831
360510,ПП Кардиология - 1059_19.09-17.12.2022,очная,14944
362283,Клиническая электрокардиография_1635_20.02.-25.03.2023,очно-заочная,14960
381746,"Комбинированное мониторирование ЭКГ, АД и дыхания_2141_20.04.-13.05.2023",очно-заочная,14744
362832,Компьютерная и магнитно-резонансная томография в клин.практике_0521_23.03.-01.04.2023,очная,14765
362287,Коррекция дислипидимии_2117_11.03.-22.04.2023,очно-заочная,14743
334059,22.М09-пу,очная,13968
334134,21.М09-пу,очная,13106
358364,22.М10-пу,очная,13814
332194,21.А02-пу,очная,12898
332197,20.А02-пу,очная,11978
332234,21.А03-пу,очная,12912
332170,20.А03-пу,очная,11992
334452,20.А02-ии,очная,12005
385080,ДОП Нейролингвистика,очно-заочная,14921
387424,ДОП Нейролингвистика 24.06.2023,очно-заочная,14921
332292,22.М05-ики,очная,13943
332340,21.М05-ики,очная,13055
331535,22.Б02-мкн,очная,13833
334347,21.Б02-мкн,очная,12844
334016,20.Б02-мкн,очная,11885
334009,19.Б02-мкн,очная,11226
334196,20.Б05-мкн,очная,12067
331539,22.Б06-мкн,очная,13859
334090,21.Б05-мкн,очная,12985
331522,22.Б10-мкн,очная,13855
334003,21.Б09-мкн,очная,12975
334167,20.Б10-мкн,очная,12069
334131,19.Б09-мкн,очная,11282
334435,21.А01-мкн,очная,12983
334458,22.Б14-мм,очная,13857
334748,21.Б14-мм,очная,12978
334732,20.Б14-мм,очная,12084
334336,22.Б13-мм,очная,13847
334743,21.Б13-мм,очная,12890
334772,20.Б13-мм,очная,11930
334744,19.Б13-мм,очная,11250
334763,19.Б08-мм,очная,11295
334731,19.Б10-мм,очная,11295
334757,21.Б04-мм,очная,12847
334776,21.Б06-мм,очная,12847
334734,20.Б04-мм,очная,11888
334725,19.Б05-мм,очная,11094
334421,22.Б04-мм,очная,13861
334365,22.Б06-мм,очная,13861
334462,22.Б11-мм,очная,13895
334764,21.Б15-мм,очная,12889
334756,20.Б11-мм,очная,11929
334768,19.Б11-мм,очная,11096
334407,22.Б08-мм,очная,13858
334044,22.Б10-мм,очная,13858
334738,21.Б07-мм,очная,12979
334760,21.Б09-мм,очная,12979
334753,20.Б08-мм,очная,12085
334750,20.Б10-мм,очная,12085
362467,22_1027_2c,очно-заочная,14510
360611,1527_ОПР_1_2022,очно-заочная,14889
357911,22_1814_ПКуМатем,очно-заочная,14838
381753,22_2363_2023,очно-заочная,14520
334896,22.М09-мм,очная,14025
334146,22.М03-мм,очная,14012
334761,21.М02-мм,очная,13143
334027,22.М04-мм,очная,13966
334740,21.М05-мм,очная,13104
334049,22.М07-мм,очная,13967
334762,21.М07-мм,очная,13105
335347,21.А04-мм,очная,12910
335360,20.А04-мм,очная,11990
335345,19.А02-мм,очная,10941
335362,21.А05-мм,очная,12984
335340,21.А02-мм,очная,12897
335358,20.А02-мм,очная,11977
335361,19.А03-мм,очная,10919
334444,22.С01-мм,очная,13849
334745,21.С01-мм,очная,12839
336652,20.С01-мм,очная,12201
334767,19.С01-мм,очная,10984
334754,18.С01-мм,очная,10226
361347,Аллергология для гастроэнтерологов_2429_15.11.-26.11.2022,очно-заочная,14507
361313,Анализ данных ХМ ЭКГ у больных с брадиаритмиями и блокадами сердца_1594_01.11.-19.11.2022,очно-заочная,14860
361315,Ведение больных с имплантированными устройствами_2366_21.11.-26.11.2022,очная,14752
362452,Гастроэнтерология:аутоимунные заболевания ЖКТ_0519_13.03.-31.03.2023,очно-заочная,14808
383685,"Диагностика и лечение желудочковых аритмий, проф внезапной сердечной смерти_2188_10.05.20.05.2023",очно-заочная,14747
360849,Дифференциальная диагностика основных терапевтических синдромов_1151_10.10.-15.11.2022,очно-заочная,14948
362453,Заболевания вульвы и влагалища в амбулаторной клинической практике_1114_17.03.-20.03.2023,очная,14504
361687,Инновационные методы диагностики и лечения атеросклероза_1799_24.12.-27.12.2022,очная,15570
362284,Клиническая электрокардиография_1635_20.02.-25.03.2023,очно-заочная,14960
360847,"Комбинированное мониторирование ЭКГ, АД и дыхания_2141_10.10.-08.11.2022",очно-заочная,14744
361164,Компьютерная и магнитно-резонансная томография в клин.практике_0521_14.11.-30.11.2022,очная,14765
361518,КТ в диагностике округлых образований в легких: Lung-RADS_2127_05.12.-07.12.2022,очная,14767
361314,Лекарственные поражения органов ЖКТ_2320_07.11.-25.11.2022,очно-заочная,14822
361349,Лучевая диагностика травм и заболеваний опорно-двигательной системы_0505_05.12.-17.12.2022,очная,14764
386215,Методология обучения врачей в системе НМО_2084_21.04.-12.05.2023,очная,15572
362810,Микробиоценоз при инфекции и соматической патологии_2443_05.06-09.06.2023,очная,14903
383682,Наджелудочковые аритмии: диагностика и лечение_2087_10.05.-20.05.2023,очно-заочная,14741
361348,Нейрорадиология (КТ и МРТ в неврологии)_0501_21.11.-02.12.2022,очная,14763
381749,Нейроурология и уродинамика: теория и практика_1730_03.04.-07.04.2023,очная,15015
387259,Нейроурология и уродинамика: теория и практика_1730_03.07.-07.07.2023,очная,15015
361486,Нейроурология и уродинамика: теория и практика_1730_05.12.-09.12.2022,очная,15015
362103,Нейроурология и уродинамика: теория и практика_1730_06.02.-10.02.2023,очная,15015
334484,22.М08-мо,очная,13912
362460,Нейроурология и уродинамика: теория и практика_1730_06.02.-10.02.2023,очная,15015
362100,Нейроурология и уродинамика: теория и практика_1730_13.02.-17.02.2023,очная,15015
361802,Нейроурология и уродинамика: теория и практика_1730_23.01.-27.01.2023,очная,15015
387188,Нейроурология и уродинамика: теория и практика_1730_26.06.-30.06.2023,очная,15015
386569,Нейроурология и уродинамика: теория и практика_1730_29.05.-02.06.2023,очная,15015
361951,Ожирение: современный взгдяд на проблему_2436_30.01.-17.02.2023,очно-заочная,14830
386572,Основы гистрероскопии и гистерорезектоскопии_2118_15.05.-19.05.2023,очная,14483
362128,Основы клинической  музыкальной терапии_2296_20.02.-27.02.2023,очная,14882
361161,Основы кольпоскопии_2289_14.10.-22.10.2022,очная,14505
387157,Особенности миниинвазивной хирургии грыж брюшной стенки_1968_08.06.-10.06.2023,очная,15732
361956,ПП Остеопатия_1054_17.02.2023-10.06.2026,очная,14795
386676,ап,очная,12477
361955,ПП Остеопатия_1054_19.02.2021-08.06.2024,очная,12477
360519,ПП Остеопатия_1054_19.02.2021-08.06.2024_3 курс,очная,12477
386791,Перкутанная нефролитотрипсия_1732_22.05.-24.05.2023,очная,15017
381747,Перкутанная нефролитотрипсия_1732_24.04.-26.04.2023,очная,15017
387260,Перкутанная нефролитотрипсия_1732_28.08.-30.08.2023,очная,15017
387133,Питание здорового и больного ребенка и подростка_1905_05.06.-23.06.2023,очно-заочная,15679
361950,Практическая аллергология_2490_01.02.-03.02.2023,очно-заочная,14509
362105,Практическая аллергология_2490_05.04.-07.04.2023,очно-заочная,14509
362108,Практическая аллергология_2490_07.06.-09.06.2023,очно-заочная,14509
362109,Практическая аллергология_2490_14.06.-16.06.2023,очно-заочная,14509
360612,Практическая аллергология_2490_21.09.2022-23.09.2022,очно-заочная,14509
362107,Практическая аллергология_2490_31.05.-02.06.2023,очно-заочная,14509
361163,Психотерапия и основы диетологии_2218_24.10.-29.10.2022,очная,14881
387265,Реконструктивная урогинекология_1734_03.07.-07.07.2023,очная,15019
361517,Реконструктивная урогинекология_1734_05.12.-09.12.2022,очная,15019
387263,Реконструктивная урогинекология_1734_07.08.-11.08.2023,очная,15019
362807,Реконструктивная урогинекология_1734_10.04.-14.04.2023,очная,15019
361305,Реконструктивная урогинекология_1734_12.12.-16.12.2022,очная,15019
362457,Реконструктивная урогинекология_1734_13.03.-17.03.2023,очная,15019
386573,Реконструктивная урогинекология_1734_15.05.-19.05.2023,очная,15019
362808,Реконструктивная урогинекология_1734_17.04.-21.04.2023,очная,15019
387186,Реконструктивная урогинекология_1734_19.06.-23.06.2023,очная,15019
387261,Реконструктивная урогинекология_1734_21.08.-25.08.2023,очная,15019
361801,Реконструктивная урогинекология_1734_23.01.-27.01.2023,очная,15019
387313,Реконструктивная урогинекология_1734_24.07.-28.07.2023,очная,15019
362456,Реконструктивная урогинекология_1734_27.02.-03.03.2023,очная,15019
386575,Реконструктивная урогинекология_1734_29.05.-02.06.2023,очная,15019
387314,Реконструктивная урогинекология_1734_31.07.-04.08.2023,очная,15019
361165,"Рентгенология (рентгенодиагностика, КТ, МРТ, ПЭТ)_0478_14.11.-05.12.2022",очная,14761
387264,Ретроградная гибкая нефролитотрипсия_1727_24.07.-26.07.2023,очная,15012
360853,Сложные вопросы диагностики и лечения прогрес атеросклероза _2262_29.10.-27.11.2022,очно-заочная,14750
361352,Современная допплерография сердца и крупных сосудов_2431_05.12.-16.12.2022,очная,14774
386877,Современная тактика ведения пациентов с циррозом печени_2278_29.05.-16.06.2023,очно-заочная,14821
360486,ПП УЗД_1060_19.09.-12.12.2022,очная,14759
387134,УЗД в акушерстве и гинекологии_0479_07.06.-21.06.2023,очная,14762
361952,Ультразвуковое исследование суставов_2220_06.02.-16.02.2023,очная,14771
381745,Функциональные расстройства органов пищеварения_2507_03.04.-21.04.2023,очно-заочная,14832
361395,Холтеровское мониторирование ЭКГ и АД _1377_14.11.-16.12.2022,очная,14943
386576,Холтеровское мониторирование ЭКГ и АД _1377_29.05.-09.06.2023,очная,14943
362454,Экспертная деятельность в сфере ОМС_0969_06.02.-07.03.2023,очно-заочная,14802
362455,Экспертная деятельность в сфере ОМС_0969_13.03.-08.04.2023,очно-заочная,14802
386876,Экспертная деятельность в сфере ОМС_0969_29.05.-26.06.2023,очно-заочная,14802
386570,Эндовазальная лазерная облитерация вен_1789_22.05.-02.06.2023,очная,15533
362451,Эндометриоз: современные подходы к диагностике и лечению_2411_13.03.-18.03.2023,очная,14490
361469,Эпидемиология и профилактика инфекций (ИСМП)_1576_05.12.-17.12.2022,очно-заочная,14905
361487,Нейроурология и уродинамика: теория и практика_1730_12.12.-16.12.2022,очная,15015
362461,Нейроурология и уродинамика: теория и практика_1730_20.03.-24.03.2023,очная,15015
386217,Нейроурология и уродинамика: теория и практика_1730_24.04.-28.04.2023,очная,15015
362462,Нейроурология и уродинамика: теория и практика_1730_27.03.-31.03.2023,очная,15015
362437,Онкологические заболевания: современные методы диагностики и лечения_2295_20.03.-12.04.2023,очная,14957
360848,Основы гистрероскопии и гистерорезектоскопии_2118_24.10.-29.10.2022,очная,14483
381750,Основы кольпоскопии_2289_12.04.-18.04.2023,очная,14505
362098,Основы кольпоскопии_2289_30.01.-04.02.2023,очная,14505
360582,ПП Остеопатия _1054_19.02.2021-08.06.2024_01.09-31.01.23,очная,12477
360583,ПП Остеопатия_1054_19.02.2021-08.06.2024_01.09-31.01.23,очная,12477
362286,Острые и хронические формы ишемической болезни сердца_2142_11.03.-15.04.2023,очно-заочная,14745
362288,Современные технологиии снижения сердечно-сосудистого риска_2367_08.04.-27.05,очная,14753
361805,Перкутанная нефролитотрипсия_1732_23.01.-25.01.2023,очная,15017
387189,Перкутанная нефролитотрипсия_1732_26.06.-28.06.2023,очная,15017
362104,Практическая аллергология_2490_01.03.-03.03.2023,очно-заочная,14509
361035,Практическая аллергология_2490_05.10.-07.10.2022,очно-заочная,14509
360345,Практическая аллергология_2490_07.09.2022-09.09.2022,очно-заочная,14509
362106,Практическая аллергология_2490_17.05.-19.05.2023,очно-заочная,14509
361798,Практическая аллергология_2490_25.01.-27.01.2023,очно-заочная,14509
361036,Программирование здоровья питанием: от рождения до старости_2417_10.10.-28.10.2022,очно-заочная,14828
383688,Психотерапия и основы диетологии расстройств пищевого поведения_2218_17.04.-22.04.2023,очная,14881
362806,Реконструктивная урогинекология_1734_03.04.-07.04.2023,очная,15019
387135,Реконструктивная урогинекология_1734_05.06.-09.06.2023,очная,15019
362102,Реконструктивная урогинекология_1734_06.02.-10.02.2023,очная,15019
361799,Реконструктивная урогинекология_1734_09.01.-13.01.2023,очная,15019
387262,Реконструктивная урогинекология_1734_10.07.-14.07.2023,очная,15019
362101,Реконструктивная урогинекология_1734_13.02.-17.02.2023,очная,15019
387315,Реконструктивная урогинекология_1734_14.08.-18.08.2023,очная,15019
361800,Реконструктивная урогинекология_1734_16.01.-20.01.2023,очная,15019
387266,Реконструктивная урогинекология_1734_17.07.-21.07.2023,очная,15019
362458,Реконструктивная урогинекология_1734_20.03.-24.03.2023,очная,15019
386574,Реконструктивная урогинекология_1734_22.05.-26.05.2023,очная,15019
381748,Реконструктивная урогинекология_1734_24.04.-28.04.2023,очная,15019
387187,Реконструктивная урогинекология_1734_26.06.-30.06.2023,очная,15019
362459,Реконструктивная урогинекология_1734_27.03.-31.03.2023,очная,15019
361957,Реконструктивная урогинекология_1734_30.01.-03.02.2023,очная,15019
362099,Ретроградная гибкая нефролитотрипсия_1727_06.02.-08.02.2023,очная,15012
360852,Сложные вопросы диагностики и лечения прогрес атеросклероза _2262_29.10.-27.11.2022,очно-заочная,14750
386497,Современная допплерография сердца и крупных сосудов_2431_01.06.-09.06.2023,очная,14774
361162,Современная тактика ведения пациентов с циррозом печени_2278_24.10.-11.11.2022,очно-заочная,14821
362450,ПП УЗД_1060_01.03.-31.05.2023,очная,14759
361353,УЗД в акушерстве и гинекологии_0479_30.11.-14.12.2022,очная,14762
360856,Функциональная диагностика в кардиологии_2450_10.10.-03.12.2022,очно-заочная,14755
360353,Холтеровское мониторирование ЭКГ и АД _1377_12.09.22-14.10.22,очная,14943
362285,Холтеровское мониторирование ЭКГ и АД _1377_27.02.-31.03.2023,очная,14943
362289,Современные подходы к лечению почечных камней_1731_27.02.-03.03.2023,очная,15016
386793,Школа пельвиоперинеологии_1969_01.06.-03.06.2023,очная,15733
362805,Экспертная деятельность в сфере ОМС_0969_03.04.-29.04.2023,очно-заочная,14802
386270,Экспертная деятельность в сфере ОМС_0969_06.02.-07.03.2023,очно-заочная,14802
360347,Экспертная деятельность в сфере ОМС_0969_14.11.-10.12.2022,очно-заочная,14802
362097,Экспертная деятельность в сфере ОМС_0969_30.01.-28.02.2023,очно-заочная,14802
360689,Эпидемиология и профилактика инфекций (ИСМП)_1576_24.10-08.11.2022,очно-заочная,14905
333445,22.ОМ.АкушГин-1,очная,14192
332960,21.ОМ.АкушГин-1,очная,13074
333464,22.ОМ.АнестРеан,очная,14211
332921,21.ОМ.АнестРеан-КВМТ,очная,13093
333585,22.ОМ.Дерматовенер,очная,14201
332970,21.ОМ.Дерматовенер,очная,13083
361275,Эпидемиология и профилактика инфекций (ИСМП)_1576_24.10-08.11.2022,очно-заочная,14905
333453,22.ОМ.АнестРеан-КВМТ,очная,14211
333011,21.ОМ.АнестРеан,очная,13093
333658,22.ОМ.Кардиология-2,очная,14198
333593,22.ОМ.Кардиология-4,очная,14198
332943,21.ОМ.Кардиология-1,очная,13080
332997,21.ОМ.Кардиология-3,очная,13080
333749,22.ОМ.Неврология-2,очная,14200
332932,21.ОМ.Неврология-1,очная,13082
333579,22.ОМ.Онко-КВМТ,очная,14191
333042,21.ОМ.Онко-1,очная,13073
333622,22.ОМ.Рентген-2,очная,14199
333018,21.ОМ.Рентген-1,очная,13081
333441,22.ОМ.Терапия-2,очная,14210
333717,22.ОМ.Терапия-4,очная,14210
332985,21.ОМ.Терапия-2,очная,13092
332974,21.ОМ.Терапия-4,очная,13092
333582,22.ОМ.ТоракХир,очная,14195
332987,21.ОМ.ТоракХир,очная,13077
333516,22.ОМ.ТравматОртоп-КВМТ,очная,14190
332981,21.ОМ.ТравмОртоп-1,очная,13072
333734,22.ОМ.Урология-1,очная,14194
332947,21.ОМ.Урология-КВМТ,очная,13076
333598,22.ОМ.Физиотер,очная,14213
333031,21.ОМ.Физиотер,очная,13095
333649,22.ОМ.Хирургия-1,очная,14189
333679,22.ОМ.Хирургия-3,очная,14189
333664,22.ОМ.Хирургия-КВМТ,очная,14189
333003,21.ОМ.Хирургия-1,очная,13071
332984,21.ОМ.Хирургия-3,очная,13071
332994,21.ОМ.Хирургия-КВМТ,очная,13071
332879,21.АМПД,очная,12938
362873,21.АФМ-Экстернам,очная,12936
332858,20.АФМ,очная,12018
333570,22.С01-м,очная,13845
333632,22.С03-м,очная,13845
333424,22.С05-м,очная,13845
333740,22.С07-м,очная,13845
333532,21.С02-м,очная,12836
333601,21.С04-м,очная,12836
333667,21.С06-м,очная,12836
333533,21.С08-м,очная,12836
333638,21.С10-м,очная,12836
333712,20.С01-м,очная,12120
333628,20.С03-м,очная,12120
333476,20.С05-м,очная,12120
333729,20.С07-м,очная,12120
333707,20.С09-м,очная,12120
333602,19.С02-м,очная,10936
333462,19.С04-м,очная,10936
333524,19.С06-м,очная,10936
333497,19.С08-м,очная,10936
333433,19.С10-м,очная,10936
333578,18.С01-м,очная,10197
333625,18.С03-м,очная,10197
333686,18.С05-м,очная,10197
333469,18.С07-м,очная,10197
333451,17.С02-м,очная,9030
333538,17.С04-м,очная,9030
333619,17.С06-м,очная,9030
333430,17.С08-м,очная,9030
334353,2-22,очная,14227
333437,1-19,очная,10964
334062,22.Б01-ФК,очная,14005
334179,21.Б01-ФК,очная,12952
334426,20.Б01-ФК,очная,12040
334164,19.Б01-ФК,очная,11256
360217,ПО (для иностранных граждан) гр.1,очная,14489
360229,ПО (для иностранных граждан) гр.11,очная,14489
360231,ПО (для иностранных граждан) гр.13,очная,14489
360232,ПО (для иностранных граждан) гр.14,очная,14489
360586,ПО (для иностранных граждан) гр.16,очная,14489
360219,ПО (для иностранных граждан) гр.2,очная,14489
360222,ПО (для иностранных граждан) гр.4,очная,14489
360225,ПО (для иностранных граждан) гр.6,очная,14489
360227,ПО (для иностранных граждан) гр.8,очная,14489
361501,ПО (для иностранных граждан) гр.Г1,очная,14489
361503,ПО (для иностранных граждан) гр.Г3,очная,14489
361506,ПО (для иностранных граждан) гр.М1,очная,14489
361505,ПО (для иностранных граждан) гр.Э,очная,14489
334278,22.Б01-мо,очная,13874
334391,22.Б03-мо,очная,13874
334427,22.Б05-мо,очная,13874
334479,22.Б07-мо,очная,13874
334487,22.Б09-мо,очная,13874
334145,22.Б11-мо,очная,13874
333630,21.Б02-мо,очная,12867
333438,21.Б04-мо,очная,12867
333576,21.Б06-мо,очная,12867
333673,21.Б08-мо,очная,12867
333558,21.Б10-мо,очная,12867
333737,21.Б12-мо,очная,12867
333552,20.Б01-мо,очная,11908
333573,20.Б03-мо,очная,11908
333641,20.Б05-мо,очная,11908
333569,20.Б07-мо,очная,11908
333685,20.Б09-мо,очная,11908
333544,20.Б11-мо,очная,11908
333682,20.Б13-мо,очная,11908
333597,19.Б01-мо,очная,11127
333542,19.Б03-мо,очная,11127
333711,19.Б05-мо,очная,11127
333739,19.Б07-мо,очная,11127
333713,19.Б09-мо,очная,11127
334468,22.М01-мо,очная,13908
333655,21.М01-мо,очная,13020
334118,22.М03-мо,очная,13910
333665,21.М03-мо,очная,13022
334066,22.М15-мо,очная,13981
333493,21.М15-мо,очная,13118
333631,21.М06-мо,очная,13024
333500,21.М07-мо,очная,13025
334424,22.М14-мо,очная,13939
333581,21.М14-мо,очная,13051
333687,22.ОМ.ИнфекцБ-ни,очная,14197
332998,21.ОМ.ИнфекцБ-ни,очная,13079
333502,22.ОМ.Кардиология-1,очная,14198
333753,22.ОМ.Кардиология-3,очная,14198
332958,21.ОМ.Кардиология-2,очная,13080
333039,21.ОМ.Кардиология-4,очная,13080
333691,22.ОМ.ЛФ,очная,14212
333000,21.ОМ.ЛФ,очная,13094
333534,22.ОМ.Неврология-1,очная,14200
332936,21.ОМ.Неврология-2,очная,13082
333545,22.ОМ.Нейрохир,очная,14193
333035,21.ОМ.Нейрохир,очная,13075
333612,22.ОМ.Онко-1,очная,14191
332929,21.ОМ.Онко-КВМТ,очная,13073
333551,22.ОМ.Оргздрав,очная,14214
332980,21.ОМ.Оргздрав,очная,13096
333526,22.ОМ.Оторино,очная,14209
332948,21.ОМ.Оторино,очная,13091
333427,22.ОМ.Офтальм,очная,14202
332986,21.ОМ.Офтальм,очная,13084
333704,22.ОМ.Педиат,очная,14188
332968,21.ОМ.Педиат,очная,13070
333727,22.ОМ.Психиатрия,очная,14196
333021,21.ОМ.Психиатрия,очная,13078
333694,22.ОМ.Рентген-1,очная,14199
332946,21.ОМ.Рентген-2,очная,13081
333718,22.ОМ.Терапия-1,очная,14210
333586,22.ОМ.Терапия-3,очная,14210
333546,22.ОМ.Терапия-КВМТ,очная,14210
333023,21.ОМ.Терапия-1,очная,13092
333038,21.ОМ.Терапия-3,очная,13092
333723,22.ОМ.ТравмОртоп-1,очная,14190
332964,21.ОМ.ТравматОртоп-КВМТ,очная,13072
333719,22.ОМ.Урология-КВМТ,очная,14194
332941,21.ОМ.Урология-1,очная,13076
333653,22.ОМ.Хирургия-2,очная,14189
333459,22.ОМ.Хирургия-4,очная,14189
333032,21.ОМ.Хирургия-2,очная,13071
332924,21.ОМ.Хирургия-4,очная,13071
362874,21.АМПД-Экстернам,очная,12938
332878,21.АМН,очная,12914
332868,20.АМН,очная,11994
362804,21.АФМ,очная,12936
333600,22.С02-м,очная,13845
333588,22.С04-м,очная,13845
333663,22.С06-м,очная,13845
333440,22.С08-м,очная,13845
333716,21.С01-м,очная,12836
333698,21.С03-м,очная,12836
333668,21.С05-м,очная,12836
332703,21.С07-м,очная,12836
333757,21.С09-м,очная,12836
333486,20.С02-м,очная,12120
333639,20.С04-м,очная,12120
333556,20.С06-м,очная,12120
333700,20.С08-м,очная,12120
333736,20.С10-м,очная,12120
333448,19.С01-м,очная,10936
332147,19.С03-м,очная,10936
333646,19.С05-м,очная,10936
333473,19.С07-м,очная,10936
333590,19.С09-м,очная,10936
333640,18.С02-м,очная,10197
333513,18.С04-м,очная,10197
333661,18.С06-м,очная,10197
333710,18.С08-м,очная,10197
333504,17.С01-м,очная,9030
333623,17.С03-м,очная,9030
333511,17.С05-м,очная,9030
333741,17.С07-м,очная,9030
334005,1-22,очная,14227
333695,2-19,очная,10964
362281,МедБио,очная,14489
360218,ПО (для иностранных граждан) гр.10,очная,14489
360230,ПО (для иностранных граждан) гр.12,очная,14489
381754,ПО (для иностранных граждан) гр.13б,очная,14489
360233,ПО (для иностранных граждан) гр.15,очная,14489
361437,ПО (для иностранных граждан) гр.18,очная,14489
360220,ПО (для иностранных граждан) гр.3,очная,14489
360223,ПО (для иностранных граждан) гр.5,очная,14489
360226,ПО (для иностранных граждан) гр.7,очная,14489
360228,ПО (для иностранных граждан) гр.9,очная,14489
361502,ПО (для иностранных граждан) гр.Г2,очная,14489
361504,ПО (для иностранных граждан) гр.И,очная,14489
361507,ПО (для иностранных граждан) гр.М2,очная,14489
334282,22.Б02-мо,очная,13874
334095,22.Б04-мо,очная,13874
334068,22.Б06-мо,очная,13874
334174,22.Б08-мо,очная,13874
334257,22.Б10-мо,очная,13874
334078,22.Б12-мо,очная,13874
333565,21.Б01-мо,очная,12867
333683,21.Б03-мо,очная,12867
333604,21.Б05-мо,очная,12867
333731,21.Б07-мо,очная,12867
333724,21.Б09-мо,очная,12867
333624,21.Б11-мо,очная,12867
333495,20.Б02-мо,очная,11908
333428,20.Б04-мо,очная,11908
333657,20.Б06-мо,очная,11908
333455,20.Б08-мо,очная,11908
333480,20.Б10-мо,очная,11908
333660,20.Б12-мо,очная,11908
333702,19.Б02-мо,очная,11127
333488,19.Б04-мо,очная,11127
333733,19.Б06-мо,очная,11127
333617,19.Б08-мо,очная,11127
333472,19.Б10-мо,очная,11127
334345,22.М02-мо,очная,13909
333446,21.М02-мо,очная,13021
334014,22.М16-мо,очная,14152
334041,22.М04-мо,очная,13937
333651,21.М04-мо,очная,13049
334017,22.М05-мо,очная,13911
333720,21.М05-мо,очная,13023
333514,21.М08-мо,очная,13026
334316,22.М09-мо,очная,13913
333615,21.М09-мо,очная,13027
334230,22.М13-мо,очная,13916
333444,21.М13-мо,очная,13029
334304,22.М12-мо,очная,13915
333609,21.А01-мо,очная,12919
333477,20.А01-мо,очная,11999
333087,22.Б11-вшм,очная,13890
333652,21.Б09-вшм,очная,12884
333121,22.Б12-вшм,очная,13972
333696,19.Б07-вшм,очная,11145
333447,21.Б10-вшм,очная,12982
333563,21.Б12-вшм,очная,12982
333461,20.Б08-вшм,очная,12508
333097,22.Б02-вшм,очная,13889
333123,22.Б04-вшм,очная,13889
333091,22.Б06-вшм,очная,13889
333670,21.Б02-вшм,очная,12883
333560,21.Б04-вшм,очная,12883
333518,21.Б06-вшм,очная,12883
333743,21.Б08-вшм,очная,12883
333517,20.Б01-вшм,очная,11923
333536,20.Б03-вшм,очная,11923
333636,20.Б05-вшм,очная,11923
345823,20.Б10-вшм,очная,11923
333680,19.Б01-вшм,очная,11053
333744,19.Б03-вшм,очная,11053
333515,19.Б05-вшм,очная,11053
362418,Лидеры будущего:операционная эффективность 2023,очно-заочная,15617
386909,Лидеры будущего: стратегический уровень 2023 (группа №2),очно-заочная,15600
333083,22.М04-вшм,очная,14030
333067,21.М04-вшм,очная,13161
333108,22.М01-вшм,очная,13969
333117,21.М01-вшм,очная,13107
332233,19.А03-пу,очная,10977
332294,22.Б02-пс,очная,13871
359970,22.Б04-пс,очная,13871
332326,21.Б01-пс,очная,12862
332322,21.Б03-пс,очная,12862
332298,20.Б02-пс,очная,11903
332320,20.Б04-пс,очная,11903
332307,19.Б01-пс,очная,11268
332313,19.Б03-пс,очная,11268
361937,22/1158/1 Клиническая психология,очная,14492
358251,Клиническая психология 21/1158/1 2021/2022,очная,13453
361551,ДОП краткосрочное консультирование 21-27.12.2022,очная,14457
386829,ДОП краткосрочное консультирование 24-30 мая 2023,очная,14457
386907,ДОП МБТ1 29.05.-03.06.,очная,14471
362110,ДОП Методы психотерапии  30.01.-02.02.2023,очная,14477
361108,22/1070/1 ДОП Преподаватель высшей школы,очная,14491
386638,ДОП выгорание педагога 16-19 мая,очная,14474
361459,22/1018/1 ДОП 22ПП-2(3),очная,14916
361002,22/1018/1 ДОП Психология 1 модуль 22ПП-2(3) (группа 2 и 3),очная,14916
361270,22/1018/1 ДОП Психология 22ПП4,очная,14916
361882,ДОП 22/1018/1  Модуль 4 Группа 4,очная,14916
361269,ДОП 22/1018/1  Психология Группа 5,очная,14916
361792,ДОП 22/1018/1 Модуль 4 Группа 2(3),очная,14916
384102,ДОП современные педагогические 22.04.-29.04.2023,очная,15621
361039,ДОП Современные психологические технологии управления персоналом 2022,очная,14973
386947,ДОП Управление конфликтов 30-31 мая 2023,очная,15915
387163,ДОП управление конфликтом 7-8.06.2023,очная,15915
386459,ДОП Эффективная коммуникация 02.05.-05.05.,очная,14475
361292,ДОП эффективная коммуникация 2022,очная,14475
360462,ДОП биология для школьников 2022-2023,очная,14459
361104,ДОП математика для школьников 2022-2023,очная,14460
332578,22.М07-пс,очная,13995
332480,21.М07-пс,очная,13129
332587,21.М03-пс,очная,13018
332594,22.М04-пс,очная,13992
332505,21.М04-пс,очная,13126
332618,22.М10-пс,очная,14096
332592,21.М10-пс,очная,13212
332291,21.А02-пс,очная,12943
332279,20.А02-пс,очная,12025
360216,22.Б04-пс,очная,13842
332321,22.С02-пс,очная,13842
332311,21.С02-пс,очная,12835
332285,21.С05-пс,очная,12835
332328,20.С01-пс,очная,12119
332319,20.С04-пс,очная,12119
332327,19.С01-пс,очная,10945
332281,18.С02-пс,очная,10216
332280,18.С04-пс,очная,10216
332308,17.С02-пс,очная,9004
332312,17.С04-пс,очная,9004
332299,22.С03-пс,очная,13848
332330,21.С03-пс,очная,12838
332325,20.С03-пс,очная,12191
332318,19.С03-пс,очная,10940
332333,18.С07-пс,очная,10152
361003,Группа А8,очная,14784
361048,Группа Р8,очная,14776
332955,22.М07-си,очная,13944
332430,21.М07-си,очная,13056
332561,22.Б02-с,очная,14033
332532,21.Б02-с,очная,12960
332556,20.Б02-с,очная,12057
332447,19.Б02-с,очная,11034
332516,22.Б04-с,очная,13884
332533,22.Б06-с,очная,13884
332500,21.Б03-с,очная,12878
332581,21.Б05-с,очная,12878
332534,20.Б04-с,очная,11918
332558,20.Б06-с,очная,11918
332418,19.Б03-с,очная,11245
332461,19.Б05-с,очная,11245
332942,22.ОС.СтомОртоп-4,очная,14203
356467,22.А05-иф,очная,14717
334281,22.М10-мо,очная,13914
333751,21.М10-мо,очная,13028
334293,22.М11-мо,очная,13938
333662,21.М11-мо,очная,13050
333539,21.А02-мо,очная,12926
333635,20.А02-мо,очная,12006
333103,22.Б10-вшм,очная,13890
333435,21.Б13-вшм,очная,12884
333616,20.Б07-вшм,очная,11924
333732,19.Б06-вшм,очная,11049
333094,22.Б13-вшм,очная,13972
333621,21.Б11-вшм,очная,12982
333503,20.Б09-вшм,очная,12508
333102,22.Б01-вшм,очная,13889
333096,22.Б03-вшм,очная,13889
333093,22.Б05-вшм,очная,13889
333086,22.Б08-вшм,очная,13889
333566,21.Б01-вшм,очная,12883
333467,21.Б03-вшм,очная,12883
333499,21.Б05-вшм,очная,12883
333457,21.Б07-вшм,очная,12883
333521,20.Б02-вшм,очная,11923
333659,20.Б04-вшм,очная,11923
333481,20.Б06-вшм,очная,11923
333485,19.Б02-вшм,очная,11053
333747,19.Б04-вшм,очная,11053
360655,Аналитическая деятельность государственного служащего,очно-заочная,14911
362779,Лидеры будущего: операционная эффективность 2023 (группа №2),очно-заочная,15617
362827,Лидеры будущего: стратегический уровень 2023 (группа №1),очно-заочная,15600
361536,Менеджмент в здравоохранении 22-23,очно-заочная,15002
333084,22.М02-вшм,очная,13926
333077,21.М02-вшм,очная,13039
333101,22.М03-вшм,очная,14122
333068,21.М03-вшм,очная,13233
334063,21.А01-ВШМ,очная,12933
334189,20.А01-ВШМ,очная,12013
331533,22.Б01-нз,очная,13864
331554,22.Б02-нз,очная,13864
334178,21.Б01-нз,очная,12855
334438,21.Б02-нз,очная,12855
334148,20.Б01-нз,очная,11897
334405,20.Б02-нз,очная,11897
334110,19.Б01-нз,очная,11126
334403,19.Б02-нз,очная,11126
331527,22.Б09-нз,очная,13841
331561,22.Б10-нз,очная,13841
331545,22.Б11-нз,очная,13841
334356,21.Б09-нз,очная,12854
334375,21.Б10-нз,очная,12854
334012,21.Б11-нз,очная,12854
334238,20.Б09-нз,очная,11896
334393,20.Б10-нз,очная,11896
334432,20.Б11-нз,очная,11896
334324,19.Б09-нз,очная,11222
334101,19.Б10-нз,очная,11222
334283,19.Б11-нз,очная,11222
331550,22.Б03-нз,очная,13866
334288,21.Б03-нз,очная,12857
334460,20.Б03-нз,очная,11899
333988,19.Б03-нз,очная,11051
331548,22.Б08-нз,очная,14026
334186,21.Б08-нз,очная,12959
334437,20.Б08-нз,очная,12051
334142,19.Б08-нз,очная,11198
331560,22.Б04-нз,очная,13865
334331,21.Б04-нз,очная,12856
334263,20.Б04-нз,очная,11898
334077,19.Б04-нз,очная,11316
331529,22.Б12-нз,очная,13893
333983,21.Б12-нз,очная,12887
334202,20.Б12-нз,очная,11927
334088,19.Б12-нз,очная,11228
334898,22.Б07-нз,очная,14009
334298,21.Б07-нз,очная,12953
334417,20.Б07-нз,очная,12043
334093,19.Б07-нз,очная,11220
331549,22.Б13-нз,очная,13867
334480,21.Б13-нз,очная,12858
334191,20.Б13-нз,очная,11900
334481,19.Б13-нз,очная,11155
331547,22.Б06-нз,очная,13989
334073,21.Б06-нз,очная,12944
334105,20.Б06-нз,очная,12027
334057,19.Б06-нз,очная,11036
331524,22.Б05-нз,очная,13868
334395,21.Б05-нз,очная,12859
334183,20.Б05-нз,очная,11901
334333,19.Б05-нз,очная,11262
360234,Современные технологии освоения трудноизвлекаемых запасов углеводородного сырья,очная,14545
360351,Фитодизайн интерьера,очная,14534
360348,Эксперт в сфере недропользования,очная,14541
360349,"Восьмимесячные подготовительные курсы по предмету география, подготовка к ЕГЭ",очная,14535
360350,Ланшафтный дизайн,очная,14539
361496,Фитодизайн интерьера без В.О.,очная,14538
361350,Изучение и освоение минеральных ресурсов Мирового океана,очная,14537
361351,Изучение и освоение минеральных ресурсов Мирового океана,очная,14537
334176,21.М37-нз,очная,13155
331559,22.М05-нз,очная,13904
334023,21.М05-нз,очная,13014
331530,22.М29-нз,очная,14028
334008,21.М29-нз,очная,13158
331558,22.М21-нз,очная,13903
334465,21.М21-нз,очная,13013
331562,22.М31-нз,очная,14047
334075,21.М31-нз,очная,13169
331555,22.М23-нз,очная,14048
334259,21.М23-нз,очная,13170
331536,22.М32-нз,очная,14049
334329,21.М32-нз,очная,13171
331551,22.М33-нз,очная,14050
334162,21.М25-нз,очная,13172
331552,22.М27-нз,очная,14027
334286,21.М27-нз,очная,13157
331538,22.М28-нз,очная,13982
331557,22.М10-нз,очная,13975
334128,21.М10-нз,очная,13114
334350,21.М28-нз,очная,13141
331553,22.М01-нз,очная,14142
334084,21.М01-нз,очная,13156
331532,22.М07-нз,очная,14008
331187,21.А01-нз,очная,12905
334124,20.А01-нз,очная,11985
331185,21.А03-нз,очная,12909
334376,20.А03-нз,очная,11989
334165,19.А03-нз,очная,10958
332284,22.М04-ип,очная,13919
332323,21.М04-ип,очная,13032
332324,21.М10-ип,очно-заочная,13187
332341,20.М09-ип,очно-заочная,11872
332300,21.А03-ип,очная,12923
332282,20.А03-ип,очная,12003
332315,21.А15-ип,очная,12924
332293,20.А16-ип,очная,12004
332988,22.Б02-пл,очная,13870
332950,22.Б04-пл,очная,13870
333104,21.Б01-пл,очная,12861
333069,21.Б03-пл,очная,12861
333106,20.Б02-пл,очная,11902
333070,20.Б04-пл,очная,11902
333082,19.Б01-пл,очная,11192
333119,19.Б03-пл,очная,11192
334775,22.М02-пл,очная,14064
333120,21.М02-пл,очная,13186
334771,22.М04-пл,очная,14067
333075,21.М04-пл,очная,13192
334739,22.М03-пл,очная,14126
334301,22.Б15-пу,очная,13810
334341,22.Б02-пу,очная,13835
334469,22.Б04-пу,очная,13835
334133,22.Б06-пу,очная,13835
334156,22.Б08-пу,очная,13835
334471,21.Б02-пу,очная,12848
334120,21.Б04-пу,очная,12848
334488,21.Б06-пу,очная,12848
334477,21.Б08-пу,очная,12848
334207,20.Б02-пу,очная,11889
334226,20.Б04-пу,очная,11889
334208,20.Б06-пу,очная,11889
334382,20.Б08-пу,очная,11889
334237,19.Б02-пу,очная,11024
334369,19.Б04-пу,очная,11024
334348,19.Б06-пу,очная,11024
334306,19.Б08-пу,очная,11024
334300,22.Б14-пу,очная,14086
334204,21.Б14-пу,очная,12981
334358,20.Б14-пу,очная,12087
334150,22.Б11-пу,очная,13834
334433,22.Б13-пу,очная,13834
334232,21.Б11-пу,очная,12846
334308,21.Б13-пу,очная,12846
334030,20.Б11-пу,очная,11887
334239,20.Б13-пу,очная,11887
334408,19.Б11-пу,очная,11302
333995,19.Б13-пу,очная,11302
362861,22_1547_2023,очно-заочная,14890
361537,22_2293_декабрь,очно-заочная,15029
334103,21.М16-пу,очная,13159
334899,22.М20-пу,очная,13812
334079,22.М14-пу,очная,13932
334184,21.М14-пу,очная,13044
334262,22.М02-пу,очная,13897
334159,21.М02-пу,очная,13007
334233,22.М04-пу,очная,13930
334446,22.М07-пу,очная,13930
334213,21.М04-пу,очная,13042
334323,22.М13-пу,очная,13931
334320,21.М13-пу,очная,13043
360700,22/1018/1 ДОП Психология 1 модуль 22ПП-1(2) (группа 1-2),очная,14916
360701,22/1018/1 ДОП Психология 1 модуль 22ПП-3 (группа 3),очная,14916
386855,ДОП 22/1018 22ПП-1(2) и 2(3),очная,14916
361883,ДОП 22/1018/1  Модуль 4 Группа 5,очная,14916
361791,ДОП 22/1018/1 Модуль 4 Группа 1(2),очная,14916
361790,ДОП 22/1018/1 Поток 1 Группы 22ПП-1(2) и 2(3),очная,14916
382849,ДОП Психология (для поступающих в магистратуру) 2023,очная,14452
382860,ДОП психология кризисных и экстремальных ситуаций 03.04-08.04,очная,14463
387215,ДОП управление конфликтом 14-15,очная,15915
362886,ДОП эффективная коммуникация 11.04-14.04 2023,очная,14475
387119,ДОП эффективная коммуникация 5-8.06.2023,очная,14475
360509,ДОП математика для школьников 2022-2023,очная,14460
361282,ДОП русский язык для школьников 2022,очная,14461
332484,22.М02-пс,очная,13906
332502,21.М02-пс,очная,13017
332536,22.М03-пс,очная,14146
332557,22.М05-пс,очная,13993
332510,21.М05-пс,очная,13127
332620,22.М06-пс,очная,13994
332546,21.М06-пс,очная,13128
332486,22.М01-пс,очная,13934
332495,21.М01-пс,очная,13046
332309,21.А01-пс,очная,12915
332336,20.А01-пс,очная,11995
332290,22.С01-пс,очная,13842
332332,22.С04-пс,очная,13842
332317,21.С01-пс,очная,12835
332310,21.С04-пс,очная,12835
332306,20.С02-пс,очная,12119
332334,19.С02-пс,очная,10945
332303,18.С01-пс,очная,10216
332295,18.С03-пс,очная,10216
332287,18.С06-пс,очная,10216
332283,17.С01-пс,очная,9004
332302,17.С03-пс,очная,9004
332314,17.С06-пс,очная,9004
332335,18.С08-пс,очная,10152
332999,22.Б01-си,очная,13880
332445,21.Б01-си,очная,12874
332458,20.Б01-си,очная,11914
332456,19.Б01-си,очная,11152
361004,Группа И8,очная,14777
333022,22.М01-си,очная,13971
332437,21.М01-си,очная,13110
332996,22.М08-си,очная,13970
332455,21.М08-си,очная,13108
332538,22.Б01-с,очная,13885
332612,21.Б01-с,очная,12879
332488,20.Б01-с,очная,11919
332440,19.Б01-с,очная,11197
331525,22.М25-нз,очная,13957
334314,21.М09-нз,очная,13015
331534,22.М26-нз,очная,13933
334279,21.М26-нз,очная,13045
331541,22.М22-нз,очная,14074
334050,21.М22-нз,очная,13200
331526,22.М16-нз,очная,13973
334319,21.М16-нз,очная,13112
331542,22.М36-нз,очная,14079
334450,21.М36-нз,очная,13206
331184,21.А02-нз,очная,12904
334042,20.А02-нз,очная,11984
332305,22.М08-ип,очно-заочная,14035
332316,22.М09-ип,очно-заочная,14065
332289,21.М09-ип,очно-заочная,13187
332331,21.А17-ип,очная,12922
332296,20.А17-ип,очная,12002
332297,21.А16-ип,очная,12924
332304,20.А15-ип,очная,12004
333002,22.Б01-пл,очная,13870
333020,22.Б03-пл,очная,13870
333113,21.Б02-пл,очная,12861
333081,21.Б04-пл,очная,12861
333079,20.Б01-пл,очная,11902
333100,20.Б03-пл,очная,11902
333074,19.Б02-пл,очная,11192
361094,История,очная,14365
333115,21.М01-пл,очная,13190
334752,22.М09-пл,очная,14151
334779,22.М06-пл,очная,13958
333080,21.М06-пл,очная,13097
334735,22.М08-пл,очная,14101
333088,21.М05-пл,очная,13238
333107,21.М07-пл,очно-заочная,13203
333092,21.А01-пл,очная,12920
333078,20.А01-пл,очная,12000
334291,22.Б16-пу,очная,13810
334362,21.Б15-пу,очная,12986
334026,22.Б01-пу,очная,13835
334007,22.Б03-пу,очная,13835
334201,22.Б05-пу,очная,13835
334048,22.Б07-пу,очная,13835
334168,22.Б09-пу,очная,13835
334102,21.Б01-пу,очная,12848
334404,21.Б03-пу,очная,12848
334111,21.Б05-пу,очная,12848
333990,21.Б07-пу,очная,12848
334029,21.Б09-пу,очная,12848
334215,20.Б01-пу,очная,11889
334199,20.Б03-пу,очная,11889
333997,20.Б05-пу,очная,11889
334302,20.Б07-пу,очная,11889
334317,20.Б09-пу,очная,11889
334352,19.Б01-пу,очная,11024
334478,19.Б03-пу,очная,11024
334122,19.Б05-пу,очная,11024
334269,19.Б07-пу,очная,11024
334378,19.Б09-пу,очная,11024
334442,22.Б12-пу,очная,13834
334482,21.Б12-пу,очная,12846
334070,20.Б12-пу,очная,11887
334227,19.Б12-пу,очная,11302
334303,19.Б14-пу,очная,11035
334900,22.М19-пу,очная,14145
335118,22.М03-пу,очная,13896
334006,21.М03-пу,очная,13006
334402,22.М18-пу,очная,14015
334125,21.М18-пу,очная,13146
334418,22.М01-пу,очная,13930
334328,22.М05-пу,очная,13930
334264,22.М17-пу,очная,13930
334315,21.М01-пу,очная,13042
334147,21.М07-пу,очная,13042
334266,22.М06-пу,очная,13974
334117,21.М06-пу,очная,13113
332554,22.Б03-с,очная,13884
332524,22.Б05-с,очная,13884
332501,21.Б04-с,очная,12878
332482,21.Б06-с,очная,12878
332492,20.Б03-с,очная,11918
332566,20.Б05-с,очная,11918
332443,19.Б04-с,очная,11245
332420,19.Б06-с,очная,11245
361092,Вопросы реализации государственной политики в сфере добровольчества (волонтерства),очная,14411
361093,Обществознание,очная,14340
332600,22.М03-с,очная,14097
332599,21.М03-с,очная,13213
332539,22.М01-с,очная,13949
332609,21.М01-с,очная,13061
332511,22.М05-с,очная,13921
332616,22.М06-с,очная,13921
332541,22.М07-с,очная,13921
332548,22.М08-с,очная,13921
332573,21.М04-с,очная,13034
332523,21.М05-с,очная,13034
332611,21.М06-с,очная,13034
332617,21.М07-с,очная,13034
332607,22.М02-с,очная,14003
332526,21.М02-с,очная,13137
332614,22.М04-с,очная,14150
332517,21.А01-с,очная,12917
361362,21.А01-с,очная,12917
332506,20.А01-с,очная,11997
386844,20.А01-с,очная,11997
386914,20.А01-с,очная,11997
362401,22.А02-с,очная,14701
356765,22.А06-с,очная,14701
332956,22.ОС.Ортодонтия-1,очная,14207
332976,22.ОС.Ортодонтия-2,очная,14207
333004,22.ОС.Ортодонтия-3,очная,14207
333001,21.ОС.Ортодонтия-1,очная,13089
332928,21.ОС.Ортодонтия-2,очная,13089
332926,21.ОС.Ортодонтия-3,очная,13089
333040,22.ОС.СтомДет-1,очная,14208
333030,22.ОС.СтомДет-2,очная,14208
333043,21.ОС.СтомДет-1,очная,13090
332937,21.ОС.СтомДет-2,очная,13090
332952,22.ОС.СтомОП-1,очная,14215
332925,22.ОС.СтомОП-2,очная,14215
333013,22.ОС.СтомОП-3,очная,14215
332990,21.ОС.СтомОП-1,очная,13109
332983,21.ОС.СтомОП-2,очная,13109
332991,21.ОС.СтомОП-3,очная,13109
332965,22.ОС.СтомОртоп-1,очная,14203
333028,22.ОС.СтомОртоп-2,очная,14203
332993,22.ОС.СтомОртоп-3,очная,14203
332945,21.ОС.СтомОртоп-1,очная,13085
332944,21.ОС.СтомОртоп-3,очная,13085
332949,22.ОС.СтомТер-2,очная,14205
332995,22.ОС.СтомТер-4,очная,14205
332957,21.ОС.СтомТер-1,очная,13087
332923,21.ОС.СтомТер-3,очная,13087
332979,22.ОС.СтомХир-2,очная,14204
333024,22.ОС.СтомХир-4,очная,14204
333025,21.ОС.СтомХир-1,очная,13086
332940,21.ОС.СтомХир-3,очная,13086
332969,22.ОС.ЧЛХ-2,очная,14206
332951,21.ОС.ЧЛХ-1,очная,13088
333535,22.С02-ст,очная,13846
333487,22.С04-ст,очная,13846
333605,21.С01-ст,очная,12837
333474,21.С03-ст,очная,12837
333721,21.С05-ст,очная,12837
333684,20.С02-ст,очная,12121
333690,20.С04-ст,очная,12121
333629,19.С01-ст,очная,10934
333650,19.С03-ст,очная,10934
333439,18.С02-ст,очная,10165
333553,18.С04-ст,очная,10165
360236,22.АМ.АкушГин,очная,14654
356326,22.А02-х,очная,14616
360238,22.АМ.АнестРеан,очная,14661
356500,22.А02-ии,очная,14708
356431,22.А01-Б,очная,14625
356424,22.А01-мкн,очная,14592
356501,22.А06-ии,очная,14707
356323,22.А07-х,очная,14620
356372,22.А06-мкн,очная,14597
356398,22.А03-мм,очная,14594
356348,22.А11-нз,очная,14638
356305,22.А06-нз,очная,14646
356306,22.А03-нз,очная,14642
356818,22.А03-пл,очная,14704
356380,22.А02-мкн,очная,14593
356458,22.А02-фз,очная,14593
360355,22.А11-ПУ,очная,14601
356504,22.А04-ии,очная,14710
356469,22.А12-иф,очная,14737
356421,22.А09-фл,очная,14726
332939,21.ОС.СтомОртоп-2,очная,13085
332982,21.ОС.СтомОртоп-4,очная,13085
333014,22.ОС.СтомТер-1,очная,14205
332989,22.ОС.СтомТер-3,очная,14205
333009,21.ОС.СтомТер-2,очная,13087
332963,21.ОС.СтомТер-4,очная,13087
333029,22.ОС.СтомХир-1,очная,14204
333017,22.ОС.СтомХир-3,очная,14204
332992,21.ОС.СтомХир-2,очная,13086
332961,21.ОС.СтомХир-4,очная,13086
333006,22.ОС.ЧЛХ-1,очная,14206
332922,21.ОС.ЧЛХ-2,очная,13088
332867,21.АСтом,очная,12913
332887,20.АСтом,очная,11993
333746,22.С01-ст,очная,13846
333756,22.С03-ст,очная,13846
333555,21.С02-ст,очная,12837
333547,21.С04-ст,очная,12837
333620,21.С06-ст,очная,12837
333674,20.С01-ст,очная,12121
333561,20.С03-ст,очная,12121
333614,19.С02-ст,очная,10934
333478,19.С04-ст,очная,10934
333697,18.С01-ст,очная,10165
333466,18.С03-ст,очная,10165
356387,22.А01-мм,очная,14592
356746,22.А07-ии,очная,14735
360241,22.АМ.Вн.болезни,очная,14664
356514,22.А07-пс,очная,14694
356457,22.А03-в,очная,14707
356453,22.А13-фз,очная,14620
356426,22.А03-ПУ,очная,14597
356374,22.А06-мм,очная,14597
356379,22.А03-Б,очная,14627
356307,22.А07-нз,очная,14647
356303,22.А05-нз,очная,14645
356343,22.А12-нз,очная,14639
356371,22.А03-мкн,очная,14594
356395,22.А02-мм,очная,14593
360354,22.А09-ПУ,очная,14593
356419,22.А06-Б,очная,14630
356381,22.А15-мм,очная,14651
356384,22.А11-мм,очная,14601
356392,22.А15-фл,очная,14737
356762,22.А01-пл,очная,14702
356397,22.А02-мо,очная,14712
356505,22.А05-ии,очная,14711
356474,22.А02-иф,очная,14714
360243,22.АМ.Кардиология,очная,14665
356407,22.А08-Б,очная,14634
356329,22.А10-х,очная,14621
356519,22.А08-пс,очная,14695
356376,22.А12-фз,очная,14614
356459,22.А02-в,очная,14726
360242,22.АМ.Луч.диагн,очная,14670
356389,22.А04-Б,очная,14628
356378,22.А04-мкн,очная,14596
356369,22.А05-мм,очная,14596
360356,22.А10-ПУ,очная,14596
356422,22.А02-э,очная,14683
356410,22.А14-мм,очная,14650
356399,22.А04-ПУ,очная,14602
356370,22.А12-мм,очная,14602
356331,22.А01-вшж,очная,14733
356515,22.А06-пс,очная,14693
356319,22.А16-х,очная,14624
356744,22.А01-ю.5.1.5.,очная,14681
356427,22.А01-мо,очная,14705
356454,22.А01-ВШМ,очная,14687
356520,22.А02-ип,очная,14724
356513,22.А09-пс,очная,14724
356360,22.А01-ПУ,очная,14599
356403,22.А08-мкн,очная,14599
356391,22.А08-мм,очная,14599
356393,22.А09-мкн,очная,14600
356400,22.А09-мм,очная,14600
356361,22.А05-Б,очная,14629
356333,22.А10-нз,очная,14637
356365,22.А05-э,очная,14686
356455,22.А01-фз,очная,14644
360240,22.АМ.Неврология,очная,14669
356334,22.А01-х,очная,14615
356324,22.А08-нз,очная,14635
356518,22.А01-ип,очная,14722
356516,22.А01-пс,очная,14688
356304,22.А04-нз,очная,14643
360237,22.АМ.ОнкоЛуч.тер,очная,14656
356476,22.А01-иф,очная,14713
356386,22.А05-фз,очная,14607
356328,22.А03-х,очная,14617
356502,22.А01-ии,очная,14706
356523,22.А04-пс,очная,14691
356325,22.А09-нз,очная,14636
356764,22.А04-с,очная,14699
356819,22.А02-пл,очная,14703
356335,22.А13-нз,очная,14633
356471,22.А13-иф,очная,14738
360235,22.АМ.ПсихНаркол,очная,14663
356521,22.А03-пс,очная,14690
356517,22.А02-пс,очная,14689
356740,22.А01-ю.5.1.2.,очная,14678
356452,22.А04-фз,очная,14606
356337,22.А13-х,очная,14622
356367,22.А03-э,очная,14684
356413,22.А01-фл,очная,14725
356415,22.А04-фл,очная,14729
356390,22.А05-фл,очная,14729
356368,22.А06-ПУ,очная,14648
356465,22.А07-иф,очная,14719
356512,22.А05-пс,очная,14692
356761,22.А03-с,очная,14698
356767,22.А05-с,очная,14700
356340,22.АСтом,очная,14657
356742,22.А01-ю.5.1.1.,очная,14677
356377,22.А05-ПУ,очная,14603
356402,22.А13-мм,очная,14603
356408,22.А02-ПУ,очная,14598
356423,22.А07-мкн,очная,14598
356411,22.А07-мм,очная,14598
356468,22.А11-иф,очная,14736
356404,22.А03-фз,очная,14605
356383,22.А07-фл,очная,14732
356362,22.А04-мм,очная,14595
356394,22.А05-мкн,очная,14595
356470,22.А10-иф,очная,14734
356747,22.А03-ип,очная,14723
361167,22.А16-фл,очная,14723
356763,22.А01-с,очная,14696
360244,22.АМ.ТравмОрт,очная,14658
356739,22.А01-ю.5.1.4.,очная,14680
356416,22.А07-ПУ,очная,14649
356483,22.А08-ПУ,очная,14652
356412,22.А11-фз,очная,14613
356385,22.А06-фз,очная,14608
356428,22.А10-мм,очная,14604
356420,22.А09-фз,очная,14611
356366,22.А08-фз,очная,14609
356417,22.А07-фз,очная,14610
356375,22.А02-Б,очная,14626
356302,22.А01-нз,очная,14640
356338,22.А04-х,очная,14618
356473,22.А06-иф,очная,14718
356472,22.А09-иф,очная,14721
356466,22.А08-иф,очная,14720
356429,22.А04-э,очная,14685
356396,22.А03-фл,очная,14728
356322,22.А15-х,очная,14623
360239,22.АМ.Хирургия,очная,14659
356749,22.А01-ю.5.1.3.,очная,14679
356409,22.А09-Б,очная,14632
356425,22.А01-э,очная,14682
356301,22.А02-нз,очная,14641
356401,22.А10-фз,очная,14612
356327,22.А06-х,очная,14619
356363,22.А07-Б,очная,14631
356464,22.А03-иф,очная,14715
356475,22.А04-иф,очная,14716
356503,22.А03-ии,очная,14709
356460,22.А01-в,очная,14730
356373,22.А10-фл,очная,14730
332781,22.Б20-фз,очная,13851
332741,21.Б20-фз,очная,12948
332820,20.Б20-фз,очная,12036
332761,19.Б20-фз,очная,11209
332810,22.Б06-фз,очная,13837
332839,22.Б07-фз,очная,13837
334081,21.Б21-фз,очная,12850
334104,21.Б22-фз,очная,12850
339367,21.Б23-ФЗ,очная,12850
334143,21.Б24-фз,очная,12850
334305,21.Б25-фз,очная,12850
332791,20.Б23-фз,очная,11891
332783,20.Б26-фз,очная,11891
332778,20.Б27-фз,очная,11891
332740,19.Б21-фз,очная,11246
332802,19.Б23-фз,очная,11246
332794,19.Б25-фз,очная,11246
332841,22.Б02-фз,очная,13838
332798,22.Б03-фз,очная,13838
332759,22.Б04-фз,очная,13838
332754,22.Б05-фз,очная,13838
332775,22.Б12-фз,очная,13838
332732,21.Б02-фз,очная,12851
332792,21.Б03-фз,очная,12851
332737,21.Б04-фз,очная,12851
332768,21.Б05-фз,очная,12851
332769,20.Б02-фз,очная,11892
332799,20.Б04-фз,очная,11892
334157,20.Б06-фз,очная,11892
334195,20.Б08-фз,очная,11892
334436,20.Б10-фз,очная,11892
334396,20.Б12-фз,очная,11892
334072,20.Б14-фз,очная,11892
334051,20.Б16-фз,очная,11892
334464,20.Б18-фз,очная,11892
332814,19.Б05-фз,очная,11278
332808,19.Б07-фз,очная,11278
332733,19.Б09-фз,очная,11278
332801,19.Б13-фз,очная,11278
332755,19.Б17-фз,очная,11278
332772,22.Б01-фз,очная,13852
332749,21.Б01-фз,очная,12951
332789,20.Б01-фз,очная,12038
332819,19.Б01-фз,очная,11261
361416,Космическая погода: воздействие на атмосферу и климат В1.1725.2022,очно-заочная,15009
332785,22.М20-фз,очная,14119
335743,21.М20-фз,очная,13230
332784,22.М21-фз,очная,13899
332787,21.М21-фз,очная,13009
332725,21.М27-фз,очная,13009
332812,22.М02-фз,очная,13900
332818,22.М04-фз,очная,13900
332767,22.М06-фз,очная,13900
332721,22.М08-фз,очная,13900
332793,22.М10-фз,очная,13900
332723,22.М12-фз,очная,13900
332838,22.М14-фз,очная,13900
332779,22.М16-фз,очная,13900
332753,22.М18-фз,очная,13900
332771,21.М03-фз,очная,13010
332796,21.М05-фз,очная,13010
332766,21.М08-фз,очная,13010
332765,21.М10-фз,очная,13010
332788,21.М12-фз,очная,13010
332777,21.М14-фз,очная,13010
332748,21.М18-фз,очная,13010
335350,21.А01-фз,очная,12896
335349,20.А01-фз,очная,11976
335353,21.А05-фз,очная,12937
335343,20.А05-фз,очная,12019
335356,21.А02-фз,очная,12900
335354,20.А02-фз,очная,11980
335351,19.А02-фз,очная,10938
331715,22.Б09-фл,очная,14087
332189,20.Б09-фл,очная,12089
331716,22.Б37-фл,очная,14037
332227,21.Б38-фл,очная,12962
332209,20.Б37-фл,очная,12058
332181,19.Б38-фл,очная,11148
331983,22.Б40-фл,очная,14170
331992,21.Б41-фл,очная,12871
331932,21.Б43-фл,очная,12871
332020,20.Б40-фл,очная,11911
332013,20.Б42-фл,очная,11911
332005,19.Б41-фл,очная,11110
331973,19.Б43-фл,очная,11110
331761,22.Б12-фл,очная,14135
332569,21.Б12-фл,очная,12989
332521,20.Б12-фл,очная,12092
331727,22.Б23-фл,очная,14039
332213,21.Б23-фл,очная,12965
332215,20.Б23-фл,очная,12059
332196,19.Б23-фл,очная,11177
332232,21.Б22-фл,очная,12966
332207,20.Б22-фл,очная,12060
332185,19.Б22-фл,очная,11037
331704,22.Б05-фл,очная,13876
332180,21.Б05-фл,очная,12869
332199,20.Б05-фл,очная,11910
332179,19.Б05-фл,очная,11030
332219,20.Б06-фл,очная,12088
332173,21.Б06-фл,очная,12988
331713,22.Б07-фл,очная,14089
332187,20.Б07-фл,очная,12093
331754,22.Б31-фл,очная,14040
331757,22.Б33-фл,очная,14040
332535,21.Б31-фл,очная,12969
332574,21.Б33-фл,очная,12969
332602,20.Б31-фл,очная,12062
332519,20.Б33-фл,очная,12062
332512,19.Б31-фл,очная,11060
332593,19.Б33-фл,очная,11060
331758,22.Б29-фл,очная,14041
332596,21.Б29-фл,очная,12970
331703,22.Б01-фл,очная,13875
331728,22.Б03-фл,очная,13875
332218,21.Б02-фл,очная,12868
332182,21.Б04-фл,очная,12868
332220,20.Б01-фл,очная,11909
332198,20.Б03-фл,очная,11909
332211,19.Б01-фл,очная,11062
332177,19.Б03-фл,очная,11062
332540,19.Б12-фл,очная,11310
332172,21.Б21-фл,очная,12973
332237,19.Б21-фл,очная,11070
331711,22.Б16-фл,очная,13985
332178,21.Б17-фл,очная,12941
332200,20.Б16-фл,очная,12023
332815,20.Б03-фз,очная,11892
332817,20.Б05-фз,очная,11892
334252,20.Б07-фз,очная,11892
334020,20.Б09-фз,очная,11892
334357,20.Б11-фз,очная,11892
334310,20.Б13-фз,очная,11892
334254,20.Б15-фз,очная,11892
334038,20.Б17-фз,очная,11892
334246,20.Б19-фз,очная,11892
332834,19.Б03-фз,очная,11278
332774,19.Б06-фз,очная,11278
332797,19.Б08-фз,очная,11278
332735,19.Б10-фз,очная,11278
332816,19.Б14-фз,очная,11278
332780,19.Б18-фз,очная,11278
361322,Космическая погода: воздействие на атмосферу и климат В1.1725.2022,очно-заочная,15009
361323,Космическая погода:воздействие на атмосферу и климат В1.1725.2022,очно-заочная,15009
358801,22_0556_ПКуФиз,очно-заочная,14840
386408,Численное моделирование нейтронных экспериментальных установок ДОП В1.2491.2022,очно-заочная,14279
332734,21.М23-фз,очная,13009
332722,22.М01-фз,очная,13900
332809,22.М03-фз,очная,13900
332727,22.М05-фз,очная,13900
332833,22.М07-фз,очная,13900
332731,22.М09-фз,очная,13900
332724,22.М11-фз,очная,13900
332773,22.М13-фз,очная,13900
332806,22.М15-фз,очная,13900
332827,22.М17-фз,очная,13900
332823,22.М19-фз,очная,13900
332786,21.М01-фз,очная,13010
332840,21.М04-фз,очная,13010
332824,21.М07-фз,очная,13010
332782,21.М09-фз,очная,13010
332804,21.М11-фз,очная,13010
332760,21.М13-фз,очная,13010
332745,21.М15-фз,очная,13010
332822,22.М26-фз,очная,14019
332736,21.М26-фз,очная,13149
335342,21.А04-фз,очная,12911
335355,20.А04-фз,очная,11991
335352,21.А03-фз,очная,12901
335357,20.А03-фз,очная,11981
335339,19.А03-фз,очная,10926
331721,22.Б38-фл,очная,14037
332171,21.Б37-фл,очная,12962
332223,20.Б38-фл,очная,12058
332186,19.Б37-фл,очная,11148
332014,22.Б41-фл,очная,14170
331957,21.Б40-фл,очная,12871
331994,21.Б42-фл,очная,12871
331959,20.Б41-фл,очная,11911
332002,20.Б43-фл,очная,11911
331977,19.Б40-фл,очная,11110
331953,19.Б42-фл,очная,11110
332021,22.Б49-фл,очная,14134
331760,22.Б39-фл,очная,14132
332552,20.Б11-фл,очная,12090
331712,22.Б10-фл,очная,14133
331726,22.Б20-фл,очная,14088
332239,20.Б20-фл,очная,12091
332190,21.Б09-фл,очная,12968
332206,19.Б09-фл,очная,11202
332201,19.Б06-фл,очная,11269
331753,22.Б32-фл,очная,14040
332589,21.Б32-фл,очная,12969
332555,20.Б32-фл,очная,12062
332597,19.Б32-фл,очная,11060
332577,21.Б30-фл,очная,12970
332591,20.Б29-фл,очная,12063
332565,19.Б29-фл,очная,11078
331756,22.Б27-фл,очная,14042
332604,21.Б27-фл,очная,12971
332509,20.Б27-фл,очная,12064
332527,19.Б27-фл,очная,11172
331752,22.Б28-фл,очная,14043
332582,21.Б28-фл,очная,12972
332613,20.Б28-фл,очная,12065
332537,19.Б28-фл,очная,11274
332217,21.Б19-фл,очная,12990
332225,21.Б07-фл,очная,12870
332216,19.Б07-фл,очная,11144
332204,20.Б19-фл,очная,12066
332212,19.Б19-фл,очная,11092
331708,22.Б15-фл,очная,13928
332203,21.Б15-фл,очная,12891
332183,20.Б15-фл,очная,11949
332240,19.Б15-фл,очная,11200
331719,22.Б02-фл,очная,13875
331714,22.Б04-фл,очная,13875
332184,21.Б01-фл,очная,12868
332174,21.Б03-фл,очная,12868
332176,20.Б02-фл,очная,11909
332231,19.Б02-фл,очная,11062
332222,19.Б04-фл,очная,11062
331718,22.Б17-фл,очная,13985
332229,21.Б16-фл,очная,12941
332241,20.Б17-фл,очная,12023
332202,19.Б16-фл,очная,11291
332195,19.Б17-фл,очная,11291
332210,20.Б24-фл,очная,12094
332009,22.Б14-фл,очная,13929
331939,22.Б44-фл,очная,13929
332011,22.Б45-фл,очная,13929
331993,22.Б46-фл,очная,13929
331980,22.Б47-фл,очная,13929
360432,22.ВО-1,очная,13929
360433,22.ВО-2,очная,13929
360434,22.ВО-3,очная,13929
360435,22.ВО-4,очная,13929
360436,22.ВО-5,очная,13929
361679,22.ВО-6,очная,13929
362290,22.ВО-7,очная,13929
360752,22.ПАО-1,очная,13929
360750,22.ПАО-2,очная,13929
360748,22.ПАО-3,очная,13929
360749,22.ПАО-4,очная,13929
360747,22.ПАО-5,очная,13929
360751,22.ПАО-6,очная,13929
360711,ПАО-1,очная,13929
360712,ПАО-2,очная,13929
360713,ПАО-3,очная,13929
360714,ПАО-4,очная,13929
361398,ПАО-4.1,очная,13929
360717,ПАО-5,очная,13929
360715,ПАО-6,очная,13929
360716,ПАО-7,очная,13929
362444,ПАО-8,очная,13929
362445,ПАО-9,очная,13929
331970,21.Б14-фл,очная,12892
331938,21.Б45-фл,очная,12892
331936,20.Б44-фл,очная,11950
331950,20.Б46-фл,очная,11950
331951,19.Б14-фл,очная,11317
331964,19.Б45-фл,очная,11317
331972,19.Б47-фл,очная,11317
332192,20.Б13-фл,очная,11951
331755,22.Б36-фл,очная,13883
332571,21.Б35-фл,очная,12877
332585,20.Б36-фл,очная,11917
332545,19.Б35-фл,очная,11169
361091,ДОП Акселератор интернациональных программ ДПО - русский язык и не только,очно-заочная,14996
386219,Актуальные Филологические исследования - ВИФ,очная,15747
387481,Введение в компьютерную лингвистику,очная,14964
361287,Искусственный интеллект,очная,15028
361325,22.Лингводид.тест1,очная,14263
361324,22.Лингводид.тест,очная,14262
361454,22.ПК01-РКИ группы 1-12(4 набор),очно-заочная,14892
387164,22.ПК01-РКИ группы 1-12(6 набор),очно-заочная,14892
387169,Практические аспекты преподавания русского языка как иностранного: довузовский этап обучения,очно-заочная,14886
362291,ДОП препод.РКИ гр.2,очная,14915
386792,Преподавание русского языка как иностранного в Турции. Уровни А0 - В1.(группа 2),очно-заочная,15573
360637,ППК учебник по РКИ гр.1,очная,14331
360639,ППК учебник по РКИ гр.3,очная,14331
360620,22.ПК-02-РКИ,очная,14968
384746,ДОП-ПК «Школа тестора ТРКИ».,очно-заочная,15691
359429,А9,очная,14895
359427,Группа Л9,очная,14909
359428,Группа Р9,очная,14909
387136,Группа 1-25 (ВИФ),очная,15650
358986,Группа 1-01,очная,14787
360641,Группа 1-02,очная,14787
361107,Группа 1-04,очная,14787
361519,Группа 1-06,очная,14787
362292,Группа 1-16,очная,14787
362479,Группа 1-21и,очная,14787
361273,Группа 2-02,очная,14787
362466,Группа 2-04,очная,14787
358970,Группа 1-07,очная,13620
361189,Группа 1-09,очная,14937
362859,"ОП1822,2022 Русский язык для иностранных граждан. Уровень А2 Группа 2",очно-заочная,15589
386915,"ОП1822,2022 Русский язык для иностранных граждан. Уровень А2 Группа 4",очно-заочная,15589
388265,22/0539/1_Группа 10,очная,14239
388272,22/0539/1_Группа 12,очная,14239
361203,ДОП РКИ гр. 18,очная,14232
361205,ДОП РКИ гр. 20,очная,14232
360521,ДОП РКИ гр.10,очная,14232
360669,ДОП РКИ гр.12,очная,14232
360706,ДОП РКИ гр.14,очная,14232
360709,ДОП РКИ гр.16,очная,14232
361453,ДОП РКИ гр.21,очная,14232
361550,ДОП РКИ гр.23,очная,14232
360033,ДОП РКИ гр.4,очная,14232
360035,ДОП РКИ гр.6,очная,14232
360037,ДОП РКИ гр.8,очная,14232
361560,1-и15,очная,14936
361438,ДОП Деловой РЯ гр.1,очная,14449
361441,22.Деловой РЯ гр.2,очная,14480
362860,Русский язык и литература в вузе и школе: специфика преподавания билингвам и инофонам,очно-заочная,15619
360947,Група 4-06,очная,14789
360962,Группа 4-02,очная,14789
361041,Группа 4-04,очная,14789
360948,Группа 4-08,очная,14789
361047,Группа 4-10,очная,14789
361049,Группа 4-14,очная,14789
388266,22.Летняя школа_Группа 13,очная,14236
388268,22.Летняя школа_Группа 15,очная,14236
388270,22.Летняя школа_Группа 17,очная,14236
332027,22.М42-фл,очная,14129
332018,22.М31-фл,очная,14046
331965,22.М71-фл,очная,14051
332661,21.М71-фл,очная,13173
331963,22.М22-фл,очная,13964
332699,21.М22-фл,очная,13102
331968,22.М59-фл,очная,13813
332017,22.М65-фл,очная,14055
332568,21.М65-фл,очная,13177
332025,22.М29-фл,очная,14056
332649,21.М28-фл,очная,13178
331978,22.М46-фл,очная,14059
332026,22.М48-фл,очная,14059
332679,21.М48-фл,очная,13181
331948,22.М11-фл,очная,13941
331989,22.М13-фл,очная,13941
332590,21.М11-фл,очная,13053
332010,22.М86-фл,очная,14060
332544,21.М86-фл,очная,13182
331941,22.М54-фл,очная,14034
332664,21.М54-фл,очная,13165
332665,21.М57-фл,очная,13121
332019,22.М24-фл,очная,14070
332672,21.М24-фл,очная,13196
332015,22.М02-фл,очная,13940
331943,22.М05-фл,очная,13940
332504,21.М01-фл,очная,13052
332588,21.М03-фл,очная,13052
332001,22.М07-фл,очная,13945
332675,21.М07-фл,очная,13057
331935,22.М76-фл,очная,13946
332029,22.М78-фл,очная,13946
332655,21.М76-фл,очная,13058
332658,21.М78-фл,очная,13058
331976,22.М52-фл,очная,13984
332680,21.М53-фл,очная,13120
332012,21.Б44-фл,очная,12892
332004,21.Б46-фл,очная,12892
331960,20.Б14-фл,очная,11950
331974,20.Б45-фл,очная,11950
331961,19.Б44-фл,очная,11317
331996,19.Б46-фл,очная,11317
331702,22.Б48-фл,очная,14118
332214,21.Б48-фл,очная,12991
331707,22.Б08-фл,очная,13882
332188,21.Б08-фл,очная,12876
332226,20.Б08-фл,очная,11916
332205,19.Б08-фл,очная,11298
332230,19.Б13-фл,очная,11219
331751,22.Б35-фл,очная,13883
332525,21.Б36-фл,очная,12877
332622,20.Б35-фл,очная,11917
332499,19.Б36-фл,очная,11169
332238,20.Б18-фл,очная,12095
331759,22.Б26-фл,очная,14045
332563,21.Б26-фл,очная,12976
332610,20.Б26-фл,очная,12070
332522,19.Б26-фл,очная,11289
332193,21.Б20-фл,очная,12977
332224,19.Б20-фл,очная,11211
332208,19.Б18-фл,очная,11271
332608,20.Б39-фл,очная,11952
362446,Искусственный интеллект и речевые технологии,очная,15028
360221,22.ПК01-РКИ группы 1-12(3 набор),очно-заочная,14892
381744,22.ПК01-РКИ группы 1-12(5 набор),очно-заочная,14892
362442,Методика препод.РКИ: линг.основы,очная,14435
360967,ДЭО (5 набор),очно-заочная,14886
360785,ДОП препод.РКИ гр.1,очная,14915
362275,Преподавание русского языка как иностранного в Турции. Уровни А0 - В1.,очно-заочная,15573
382862,"Современное преподавание РКИ: урок, игра и тестирование",очно-заочная,15663
361187,23.ПП01-РКИ,очно-заочная,14893
360638,ППК учебник по РКИ гр.2,очная,14331
362480,ТЕСТИРОВАНИЕ ПО РУССКОМУ ЯЗЫКУ КАК ИНОСТРАННОМУ,очная,14968
384825,"ДОП-ПК ""СОВРЕМЕННОЕ ПРЕПОДАВАНИЕ РКИ: УРОК, ИГРА И ТЕСТИРОВАНИЕ""",очно-заочная,15691
360681,А9-1,очная,14895
360588,Группа Л9,очная,14909
360587,Группа Р9,очная,14908
362376,Группа А5,очная,14896
387155,Группа 1-24 (ВИФ),очная,15650
387154,Группа 1-26 (ВИФ),очная,15650
360665,Группа 1-01,очная,14787
360666,Группа 1-03,очная,14787
361188,Группа 1-05,очная,14787
361190,Группа 1-10,очная,14787
362436,Группа 1-19,очная,14787
360861,Группа 2-01,очная,14787
362141,Группа 2-03,очная,14787
358975,Группы 1-17,очная,13620
387479,Русская литература,очная,14962
387480,Русский театр,очно-заочная,14963
362035,"ОП1822,2022 Русский язык для иностранных граждан. Уровень А2",очно-заочная,15589
384828,"ОП1822,2022 Русский язык для иностранных граждан. Уровень А2 Группа 3",очно-заочная,15589
388271,22/0539/1_Группа 11,очная,14239
361202,ДОП РКИ гр. 17,очная,14232
361204,ДОП РКИ гр. 19,очная,14232
360030,ДОП РКИ гр.1,очная,14232
360668,ДОП РКИ гр.11,очная,14232
360670,ДОП РКИ гр.13,очная,14232
360707,ДОП РКИ гр.15,очная,14232
360031,ДОП РКИ гр.2,очная,14232
361549,ДОП РКИ гр.22,очная,14232
360032,ДОП РКИ гр.3,очная,14232
360034,ДОП РКИ гр.5,очная,14232
360036,ДОП РКИ гр.7,очная,14232
360038,ДОП РКИ гр.9,очная,14232
362180,"ДОП ""Современная русская литература""",очная,14237
361439,ДОП Деловой РЯ гр.2,очная,14449
361440,22.Деловой РЯ гр.1,очная,14480
361508,22.Деловой РЯ гр.3,очная,14480
384826,ДОП-ПК «Русский язык и литература в вузе и школе: специфика преподавания билингвам и инофонам»,очно-заочная,15619
361084,Группа 4-0,очная,14789
361317,Группа 4-03,очная,14789
360964,Группа 4-07,очная,14789
361042,Группа 4-09,очная,14789
360949,Группа 4-11,очная,14789
360963,Группаа 4-05,очная,14789
388267,22.Летняя школа_Группа 14,очная,14236
388269,22.Летняя школа_Группа 16,очная,14236
331999,22.М40-фл,очная,14103
332663,21.М40-фл,очная,13218
332000,22.М32-фл,очная,14046
331944,22.М81-фл,очная,13986
332660,21.М81-фл,очная,13122
331955,22.М21-фл,очная,13964
332031,22.М23-фл,очная,13964
332601,21.М21-фл,очная,13102
332697,21.М23-фл,очная,13102
332016,22.М28-фл,очная,14056
331940,22.М83-фл,очная,14014
332651,21.М83-фл,очная,13145
331933,22.М47-фл,очная,14059
332007,22.М49-фл,очная,14059
332659,21.М46-фл,очная,13181
331986,22.М72-фл,очная,13965
332653,21.М72-фл,очная,13103
331945,22.М12-фл,очная,13941
332485,21.М12-фл,очная,13053
331985,22.М85-фл,очная,14104
332496,21.М85-фл,очная,13219
332693,21.М58-фл,очная,13121
331942,22.М01-фл,очная,13940
331931,22.М03-фл,очная,13940
332503,21.М02-фл,очная,13052
332487,21.М05-фл,очная,13052
356522,22.М10-фл,очная,14242
332695,21.М10-фл,очная,13303
332006,22.М75-фл,очная,13946
331937,22.М77-фл,очная,13946
331958,22.М79-фл,очная,13946
332702,21.М75-фл,очная,13058
332687,21.М77-фл,очная,13058
332648,21.М79-фл,очная,13058
331962,22.М53-фл,очная,13984
332696,21.М52-фл,очная,13120
332700,21.М82-фл,очная,13147
331990,22.М61-фл,очная,14072
332567,21.М61-фл,очная,13198
332024,22.М19-фл,очная,13947
331981,22.М34-фл,очная,13947
332003,22.М36-фл,очная,13947
331954,22.М38-фл,очная,13947
331946,22.М68-фл,очная,13947
332674,21.М33-фл,очная,13059
331997,22.М73-фл,очная,13948
332681,21.М73-фл,очная,13060
331969,22.М04-фл,очная,13942
332491,21.М04-фл,очная,13054
332022,22.М56-фл,очная,13959
332668,21.М56-фл,очная,13098
335972,21.А12-фл,очная,12956
335977,21.А01-фл,очная,12946
335962,21.А04-фл,очная,12946
335975,21.А06-фл,очная,12946
335958,21.А08-фл,очная,12946
335956,20.А02-фл,очная,12029
335976,20.А06-фл,очная,12029
335957,20.А08-фл,очная,12029
335968,20.А10-фл,очная,12029
335965,21.А14-фл,очная,12945
335964,20.А13-фл,очная,12028
331806,19.Б03-иф,очная,11215
331814,22.Б06-иф,очная,13879
331829,21.Б07-иф,очная,12873
331786,20.Б04-иф,очная,11913
331801,19.Б05-иф,очная,11189
331803,22.Б04-иф,очная,13862
331808,21.Б06-иф,очная,12845
331810,20.Б05-иф,очная,11886
331816,19.Б07-иф,очная,11086
331823,22.Б01-иф,очная,13869
331805,21.Б02-иф,очная,12860
331799,20.Б01-иф,очная,12118
361397,ДОП 2189 декабрь февраль июнь 2023,очная,14966
362858,ДОП 1285 апрель июнь 2023,очная,14523
361106,ДОП 1285 группа вых дня 1 2023,очная,14523
361105,ДОП 1285 ноябрь январь 2023,очная,14523
362131,ДОП 1285 февраль апрель 2023,очная,14523
331788,22.М06-иф,очная,13960
331785,21.М02-иф,очная,13099
331818,22.М07-иф,очная,14155
331813,22.М02-иф,очная,13918
331784,21.М01-иф,очная,13031
331798,22.М01-иф,очная,13917
331956,22.М18-фл,очная,13947
331979,22.М33-фл,очная,13947
331998,22.М35-фл,очная,13947
331975,22.М37-фл,очная,13947
332008,22.М39-фл,очная,13947
332698,21.М35-фл,очная,13059
331982,22.М41-фл,очная,14106
332030,22.М06-фл,очная,13976
332690,21.М06-фл,очная,13115
332028,22.М43-фл,очная,14083
332689,21.М43-фл,очная,13210
335969,21.А02-фл,очная,12946
335955,21.А05-фл,очная,12946
335959,21.А07-фл,очная,12946
335953,21.А10-фл,очная,12946
335974,20.А01-фл,очная,12029
335961,20.А04-фл,очная,12029
335966,20.А07-фл,очная,12029
335960,20.А09-фл,очная,12029
335971,21.А13-фл,очная,12945
335979,20.А14-фл,очная,12028
359836,22.Б07-иф,очная,13879
331819,21.Б04-иф,очная,12873
331811,20.Б06-иф,очная,12096
331825,21.Б05-иф,очная,12992
331822,22.Б05-иф,очная,13877
331812,19.Б08-иф,очная,11166
331800,22.Б03-иф,очная,13878
331795,21.Б03-иф,очная,12872
331827,20.Б03-иф,очная,11912
331797,19.Б06-иф,очная,11132
331802,22.Б02-иф,очная,13869
331817,21.Б01-иф,очная,12860
331794,20.Б02-иф,очная,12118
331791,19.Б01-иф,очная,11017
387695,ДОП 1285 авг сент окт,очная,14523
358861,ДОП 1285 группа 1 сентябрьоктябрь,очная,14523
358862,ДОП 1285 группа октябрьдекабрь,очная,14523
361396,ДОП 1285 ноябрь январь 2023,очная,14523
331787,22.М08-иф,очная,14111
331824,21.М06-иф,очная,13225
331789,22.М05-иф,очная,14057
331815,21.М03-иф,очная,13179
331793,21.М05-иф,очная,13124
331809,22.М03-иф,очная,14075
331830,21.М04-иф,очная,13201
331796,22.М04-иф,очная,14110
331828,21.М07-иф,очная,13224
331807,21.А03-иф,очная,12949
331804,20.А03-иф,очная,10927
331821,21.А04-иф,очная,12955
331820,20.А04-иф,очная,12046
331826,21.А02-иф,очная,12930
331790,20.А02-иф,очная,12010
331831,21.А01-иф,очная,12928
331792,20.А01-иф,очная,12008
332770,22.Б05-х,очная,13860
332744,21.Б05-х,очная,12987
332764,22.Б01-х,очная,13840
332750,22.Б02-х,очная,13840
332832,22.Б03-х,очная,13840
332825,22.Б04-х,очная,13840
332776,21.Б01-х,очная,12852
332811,21.Б02-х,очная,12852
332830,21.Б03-х,очная,12852
332758,21.Б04-х,очная,12852
332729,20.Б01-х,очная,11893
332728,20.Б02-х,очная,11893
332813,20.Б03-х,очная,11893
332821,20.Б04-х,очная,11893
332829,19.Б01-х,очная,11055
332807,19.Б02-х,очная,11055
332743,19.Б03-х,очная,11055
332730,19.Б04-х,очная,11055
332746,20.Б05-х,очная,11894
332756,19.Б05-х,очная,11254
387202,Атомный оптический спектральный анализ В1.1369.2022,очная,14271
361406,Рентгеноспектральный анализ В1.1370.2022 Осень 2022,очно-заочная,14281
358539,Техника и практика хроматографического анализа В1.1581.2022,очная,14273
358538,Техника и практика хроматографического анализа В1.1581.2022 Октябрь 2022,очная,14273
386216,Техника и практика хроматографического анализа В1.1581.2023 весна 2023,очная,14273
361336,Физические и физико-химические методы и средства количественного  химического анализа В1.1583.2022,очная,14274
358553,Физические и физико-химические методы и средства количественного химического анализа В1.1583.2022,очная,14274
358540,Подготовительные курсы по химии Т1.0935.2022,очная,14512
358541,Подготовительные курсы по химии Т1.0935.2022,очная,14512
362811,Решение задач ЕГЭ по химии повышенного уровня сложности Т1.2416.2022,очно-заочная,14284
386929,Электрохимические источники тока ДОП Х1.2212.2022,очная,14897
332828,22.М02-х,очная,13991
332790,21.М02-х,очная,13125
332831,22.М01-х,очная,13901
332762,21.М01-х,очная,13011
332236,21.А01-х,очная,12902
360851,21.А01-х,очная,12902
360858,21.А01-х,очная,12902
332228,20.А01-х,очная,11982
360581,20.А01-х,очная,11982
332169,19.А01-х,очная,10950
333541,22.Б01-э,очная,13892
333525,22.Б02-э,очная,13892
332842,21.Б01-э,очная,12886
332747,21.Б14-э,очная,12886
333425,20.Б01-э,очная,11926
333426,20.Б12-э,очная,11926
333583,19.Б01-э,очная,11082
333705,22.Б03-э,очная,13962
332726,21.Б02-э,очная,12893
333470,20.Б02-э,очная,11969
333572,19.Б02-э,очная,11283
333510,22.Б08-э,очная,13891
333675,22.Б09-э,очная,13891
333676,22.Б10-э,очная,13891
333443,22.Б11-э,очная,13891
333587,22.Б12-э,очная,13891
333577,22.Б13-э,очная,13891
333557,22.Б14-э,очная,13891
332800,21.Б06-э,очная,12885
332805,21.Б08-э,очная,12885
332763,21.Б10-э,очная,12885
332795,21.Б12-э,очная,12885
333548,20.Б07-э,очная,11925
333645,20.Б09-э,очная,11925
333742,20.Б11-э,очная,11925
333603,20.б14-Э,очная,11925
333468,19.Б06-э,очная,11236
333606,19.Б08-э,очная,11236
333644,19.Б10-э,очная,11236
333589,22.Б06-э,очная,13996
332739,21.Б05-э,очная,12947
333596,20.Б04-э,очная,12035
333643,19.Б05-э,очная,11085
333714,22.Б05-э,очная,13978
332836,21.Б03-э,очная,12939
333703,20.Б03-э,очная,12020
333484,19.Б03-э,очная,11022
382857,Информационная безопасность,очно-заочная,15683
361281,Профессиональная работа с электронными таблицами 24.10.22-08.11.2022,очно-заочная,14877
361191,Управление научными и образовательными проектами,очно-заочная,14985
386908,Управление персоналом организации высшего образования,очно-заочная,15955
361354,УФ-22,очно-заочная,14875
361456,Школа бизнеса,очно-заочная,15371
333494,22.М01-э,очная,14147
333699,22.М24-э,очно-заочная,14149
333750,22.М04-э,очная,13950
334244,21.М04-э,очная,13062
333530,22.М15-э,очная,14120
334052,21.М15-э,очная,13231
333519,22.М22-э,очно-заочная,14011
333105,21.М22-э,очно-заочная,13142
333090,20.М22-э,очно-заочная,12045
333754,22.М09-э,очная,13955
334253,21.М09-э,очная,13068
333529,22.М07-э,очная,13952
334392,21.М07-э,очная,13064
333528,22.М10-э,очная,13954
334160,21.М10-э,очная,13067
333599,22.М23-э,очно-заочная,14076
333110,21.М23-э,очно-заочная,13202
333066,20.М23-э,очно-заочная,12080
333708,22.М11-э,очная,14078
334294,21.М11-э,очная,13205
333607,21.А01-э,очная,12916
333595,20.А02-э,очная,11996
333648,20.А01-э,очная,10987
334190,22.Б01-ю,очная,13843
334002,22.Б03-ю,очная,13843
334475,22.Б05-ю,очная,13843
334137,22.Б07-ю,очная,13843
334152,22.Б09-ю,очная,13843
361901,22.Б2.203-ю,очно-заочная,13843
361890,22.Б2.205-ю,очно-заочная,13843
361897,22.Б2.207-ю,очно-заочная,13843
361895,22.Б2.209-ю,очно-заочная,13843
361902,22.Б2.212-ю,очно-заочная,13843
361893,22.Б2.214-ю,очно-заочная,13843
361900,22.Б2.216-ю,очно-заочная,13843
361889,22.Б2.218-ю,очно-заочная,13843
333979,22.Б2-ю,очно-заочная,13843
334234,21.Б01-ю,очная,12864
334455,21.Б03-ю,очная,12864
334410,21.Б05-ю,очная,12864
334172,21.Б07-ю,очная,12864
333989,21.Б09-ю,очная,12864
334429,21.Б2.202-ю,очно-заочная,12864
334322,21.Б2.204-ю,очно-заочная,12864
334220,21.Б2.206-ю,очно-заочная,12864
334399,21.Б2.208-ю,очно-заочная,12864
334185,21.Б2.210-ю,очно-заочная,12864
334343,20.Б02-ю,очная,11905
334170,20.Б04-ю,очная,11905
334364,20.Б06-ю,очная,11905
334342,20.Б08-ю,очная,11905
334425,20.Б2.201-ю,очно-заочная,11905
334268,20.Б2.204-ю,очно-заочная,11905
334248,20.Б2.206-ю,очно-заочная,11905
334439,20.Б2.210-ю,очно-заочная,11905
334367,20.Б2.212-ю,очно-заочная,11905
333993,20.Б2.214-ю,очно-заочная,11905
334265,20.Б2.217-ю,очно-заочная,11905
334056,20.Б2.219-ю,очно-заочная,11905
334092,20.Б2.221-ю,очно-заочная,11905
334289,20.Б2.223-ю,очно-заочная,11905
334022,19.Б02-ю,очная,11074
334218,19.Б04-ю,очная,11074
334121,19.Б06-ю,очная,11074
334276,19.Б08-ю,очная,11074
353680,19.Б31-ю,очно-заочная,11074
353681,18.Б31-ю,очно-заочная,10035
335739,22.Б12-ю,очная,13987
335745,21.Б12-ю,очная,12942
335757,20.Б12-ю,очная,12024
335744,19.Б12-ю,очная,11125
335752,22.Б14-ю,очная,14018
335741,21.Б14-ю,очная,12958
335748,20.Б14-ю,очная,12049
335750,19.Б14-ю,очная,11190
326705,Актуальные вопросы права и управления финансами для налоговых юристов,очная,13748
360224,Актуальные проблемы гражданского права,очная,14550
362129,Договорное право,очная,14554
360485,Корпоративные финансы,очно-заочная,14574
386985,"Летняя школа права ""Современные проблемы криминалистики""",очная,15787
386988,Летняя школа права «Современные проблемы криминалистики»,очная,15787
360850,Нотариальная практика (день),очная,14552
384535,Образование и труд: гарантии прав работников,очная,15620
332837,21.Б07-э,очная,12885
332835,21.Б09-э,очная,12885
332826,21.Б11-э,очная,12885
332752,21.Б13-э,очная,12885
333701,20.Б06-э,очная,11925
333512,20.Б08-э,очная,11925
333501,20.Б10-э,очная,11925
333642,20.Б13-э,очная,11925
333726,19.Б07-э,очная,11236
333618,19.Б09-э,очная,11236
333496,19.Б11-э,очная,11236
333748,22.Б07-э,очная,13996
332803,21.Б04-э,очная,12947
333637,20.Б05-э,очная,12035
333522,19.Б04-э,очная,11085
333471,22.Б04-э,очная,13978
362851,"Microsoft Power BI как средство поддержки управленческих решений, с 03.04.23 по 07.04.23",очная,15662
360775,БУА-22,очно-заочная,14871
361355,Мини-МВА.ЭУК-22,очно-заочная,14879
361509,Повышение квалификации аттестованных налоговых консультантов,очная,15022
382856,Управление государственными и муниципальными закупками,очная,14400
361057,УИРиП-22,очно-заочная,14872
362862,Управленческая команда как фактор эффективного развития образовательной организации,очно-заочная,15684
360774,ФУ-22,очно-заочная,14873
362891,Информационно-коммуникационные технологии в деятельности образовательной организации,очная,14410
385965,42НК,очная,15023
333085,21.М16-э,очно-заочная,13065
333693,22.М02-э,очная,13927
334400,21.М02-э,очная,13040
333475,22.М05-э,очная,13925
334109,21.М05-э,очная,13038
333450,22.М06-э,очная,13951
334384,21.М06-э,очная,13063
333531,22.М19-э,очно-заочная,14148
333492,22.М08-э,очная,13961
334032,21.М08-э,очная,13100
333436,22.М12-э,очная,14006
334245,21.М12-э,очная,13139
333498,22.М13-э,очная,14123
333449,22.М17-э,очно-заочная,13956
333071,21.М17-э,очно-заочная,13069
333089,20.М17-э,очно-заочная,11966
333722,22.М18-э,очно-заочная,13953
333124,21.М18-э,очно-заочная,13066
333465,20.М18-э,очно-заочная,11963
333520,22.М14-э,очная,14121
333672,21.А02-э,очная,12916
334773,20.А01-э,очная,11996
334443,22.Б02-ю,очная,13843
334385,22.Б04-ю,очная,13843
334256,22.Б06-ю,очная,13843
334334,22.Б08-ю,очная,13843
361903,22.Б2.201-ю,очно-заочная,13843
361899,22.Б2.204-ю,очно-заочная,13843
361894,22.Б2.206-ю,очно-заочная,13843
361896,22.Б2.208-ю,очно-заочная,13843
361892,22.Б2.210-ю,очно-заочная,13843
361898,22.Б2.213-ю,очно-заочная,13843
361904,22.Б2.215-ю,очно-заочная,13843
361891,22.Б2.217-ю,очно-заочная,13843
361888,22.Б2.219-ю,очно-заочная,13843
334413,21.Б02-ю,очная,12864
334018,21.Б04-ю,очная,12864
334270,21.Б06-ю,очная,12864
333987,21.Б08-ю,очная,12864
334169,21.Б2.201-ю,очно-заочная,12864
334456,21.Б2.203-ю,очно-заочная,12864
334370,21.Б2.205-ю,очно-заочная,12864
333996,21.Б2.207-ю,очно-заочная,12864
334080,21.Б2.209-ю,очно-заочная,12864
336737,21.Б2.211-ю,очно-заочная,12864
334473,20.Б01-ю,очная,11905
333991,20.Б03-ю,очная,11905
334235,20.Б05-ю,очная,11905
334221,20.Б07-ю,очная,11905
334132,20.Б09-ю,очная,11905
334240,20.Б2.203-ю,очно-заочная,11905
333999,20.Б2.205-ю,очно-заочная,11905
334261,20.Б2.207-ю,очно-заочная,11905
334284,20.Б2.211-ю,очно-заочная,11905
334434,20.Б2.213-ю,очно-заочная,11905
334188,20.Б2.215-ю,очно-заочная,11905
334285,20.Б2.218-ю,очно-заочная,11905
334337,20.Б2.220-ю,очно-заочная,11905
334272,20.Б2.222-ю,очно-заочная,11905
334340,20.Б2-209-ю,очно-заочная,11905
334224,19.Б01-ю,очная,11074
334082,19.Б03-ю,очная,11074
334209,19.Б05-ю,очная,11074
334035,19.Б07-ю,очная,11074
334318,19.Б09-ю,очная,11074
335747,22.Б11-ю,очная,13987
335753,22.Б13-ю,очная,13987
335746,21.Б11-ю,очная,12942
335740,21.Б13-ю,очная,12942
335754,20.Б11-ю,очная,12024
335751,20.Б13-ю,очная,12024
335742,19.Б11-ю,очная,11125
335755,19.Б13-ю,очная,11125
362135,Бухгалтерский учёт и экономика фирмы для юристов,очная,14551
362133,Контроль и надзор государства: новый подход. Летняя школа,очная,14798
362136,Корпоративный секретарь акционерного общества,очная,15616
386987,Летняя школа права «Современные проблемы криминалистики»,очная,15787
362134,"Налоговый кодекс, часть I: актуальные проблемы правоприменения и системные подходы к их решению",очная,14567
360703,Нотариальная практика (вечер),очно-заочная,14552
361291,Нотариат и гражданский оборот,очная,14549
384536,Образование и труд: гарантии прав работников,очная,15620
361166,Организация и проведение мониторинга правоприменения,очная,14576
362132,Правовое регулирование отношений в сфере строительства и приобретения недвижимости,очная,14553
362853,Правовые вопросы землепользования и недвижимости,очная,14560
358971,Судебная защита прав налогоплательщиков,очная,14559
384745,Уголовная и гражданско-правовая ответственность медицинских работников,очно-заочная,14566
384534,Язык закона,очная,14558
360136,Правовое регулирование внешнеэкономической деятельности,очно-заочная,14555
362130,Праваовые вопросы землепользования и недвижимости,очная,14560
387086,Прикладные аспекты по обеспечению законности и защиты собственных интересов в сфере государственных и муниципальных закупок,очная,14563
358974,Эффективные переговоры для юристов,очно-заочная,14579
384969,Ятрогенные преступления: особенности уголовного преследования,очно-заочная,14565
334004,22.М05-ю,очная,14098
334187,21.М05-ю,очная,13214
334216,22.М21-ю,очная,14099
334416,21.М21-ю,очная,13215
334113,22.М14-ю,очная,13907
334098,21.М14-ю,очная,13019
334058,22.М03-ю,очная,14007
334065,21.М03-ю,очная,13140
334144,22.М06-ю,очная,14100
334247,22.М18-ю,очная,13983
334338,21.М18-ю,очная,13119
334428,22.М09-ю,очная,14062
334193,21.М09-ю,очная,13184
334459,22.М08-ю,очная,14063
334136,21.М08-ю,очная,13185
334389,22.М10-ю,очная,13936
334223,21.М10-ю,очная,13048
334067,22.М11-ю,очная,14124
334311,21.М11-ю,очная,13235
334271,22.М20-ю,очная,13935
334069,21.М20-ю,очная,13047
334139,22.М07-ю,очная,14032
334028,21.М07-ю,очная,13164
334055,22.М13-ю,очная,14125
338788,21.М13-ю,очная,13236
334368,22.М01-ю,очная,14080
334021,21.М01-ю,очная,13207
334060,22.М04-ю,очная,14081
334397,21.М04-ю,очная,13208
334451,22.М02-ю,очная,14082
334467,21.М02-ю,очная,13209
335756,22.М19-ю,очная,14031
335749,21.М19-ю,очная,13163
334097,22.М27-ю,очная,14004
334141,21.М27-ю,очная,13138
334292,21.А01-ю,очная,12918
334064,20.А01-ю,очная,11998
